"Módulo de Análise: Origem de Dados da Coleta";
"Data de solicitação 09/11/2018";
"Período Solicitado de 01/07/2018 até 31/07/2018";
"Agente";"Ponto / Grupo";"Data";"Hora";"Ativa C (kWh)";"Ativa G (kWh)";"Qualidade";"Origem";
"RONDINHA";"SCINVDUINVD01 (L)";01/07/2018;1;0,000;1.206,926;"Completo";"COLETA DIÁRIA";
"RONDINHA";"SCINVDUINVD01 (L)";01/07/2018;2;0,000;1.212,166;"Completo";"COLETA DIÁRIA";
"RONDINHA";"SCINVDUINVD01 (L)";01/07/2018;3;0,000;1.210,931;"Completo";"COLETA DIÁRIA";
"RONDINHA";"SCINVDUINVD01 (L)";01/07/2018;4;0,000;1.206,922;"Completo";"COLETA DIÁRIA";
"RONDINHA";"SCINVDUINVD01 (L)";01/07/2018;5;0,000;1.211,526;"Completo";"COLETA DIÁRIA";
"RONDINHA";"SCINVDUINVD01 (L)";01/07/2018;6;0,000;1.212,948;"Completo";"COLETA DIÁRIA";
"RONDINHA";"SCINVDUINVD01 (L)";01/07/2018;7;0,000;1.208,675;"Completo";"COLETA DIÁRIA";
"RONDINHA";"SCINVDUINVD01 (L)";01/07/2018;8;0,000;1.211,278;"Completo";"COLETA DIÁRIA";
"RONDINHA";"SCINVDUINVD01 (L)";01/07/2018;9;0,000;1.214,375;"Completo";"COLETA DIÁRIA";
"RONDINHA";"SCINVDUINVD01 (L)";01/07/2018;10;0,000;1.210,606;"Completo";"COLETA DIÁRIA";
"RONDINHA";"SCINVDUINVD01 (L)";01/07/2018;11;0,000;1.208,782;"Completo";"COLETA DIÁRIA";
"RONDINHA";"SCINVDUINVD01 (L)";01/07/2018;12;0,000;1.217,303;"Completo";"COLETA DIÁRIA";
"RONDINHA";"SCINVDUINVD01 (L)";01/07/2018;13;0,000;1.213,558;"Completo";"COLETA DIÁRIA";
"RONDINHA";"SCINVDUINVD01 (L)";01/07/2018;14;0,000;1.210,458;"Completo";"COLETA DIÁRIA";
"RONDINHA";"SCINVDUINVD01 (L)";01/07/2018;15;0,000;1.213,918;"Completo";"COLETA DIÁRIA";
"RONDINHA";"SCINVDUINVD01 (L)";01/07/2018;16;0,000;1.213,436;"Completo";"COLETA DIÁRIA";
"RONDINHA";"SCINVDUINVD01 (L)";01/07/2018;17;0,000;1.207,771;"Completo";"COLETA DIÁRIA";
"RONDINHA";"SCINVDUINVD01 (L)";01/07/2018;18;0,000;1.211,404;"Completo";"COLETA DIÁRIA";
"RONDINHA";"SCINVDUINVD01 (L)";01/07/2018;19;0,000;1.210,045;"Completo";"COLETA DIÁRIA";
"RONDINHA";"SCINVDUINVD01 (L)";01/07/2018;20;0,000;1.204,922;"Completo";"COLETA DIÁRIA";
"RONDINHA";"SCINVDUINVD01 (L)";01/07/2018;21;0,000;1.212,920;"Completo";"COLETA DIÁRIA";
"RONDINHA";"SCINVDUINVD01 (L)";01/07/2018;22;0,000;1.208,886;"Completo";"COLETA DIÁRIA";
"RONDINHA";"SCINVDUINVD01 (L)";01/07/2018;23;0,000;1.204,403;"Completo";"COLETA DIÁRIA";
"RONDINHA";"SCINVDUINVD01 (L)";01/07/2018;24;0,000;1.212,106;"Completo";"COLETA DIÁRIA";
"RONDINHA";"SCINVDUINVD01 (L)";02/07/2018;1;0,000;1.209,353;"Completo";"COLETA DIÁRIA";
"RONDINHA";"SCINVDUINVD01 (L)";02/07/2018;2;0,000;1.204,856;"Completo";"COLETA DIÁRIA";
"RONDINHA";"SCINVDUINVD01 (L)";02/07/2018;3;0,000;1.209,647;"Completo";"COLETA DIÁRIA";
"RONDINHA";"SCINVDUINVD01 (L)";02/07/2018;4;1,485;868,879;"Completo";"COLETA DIÁRIA";
"RONDINHA";"SCINVDUINVD01 (L)";02/07/2018;5;0,075;1.207,559;"Completo";"COLETA DIÁRIA";
"RONDINHA";"SCINVDUINVD01 (L)";02/07/2018;6;0,000;1.237,658;"Completo";"COLETA DIÁRIA";
"RONDINHA";"SCINVDUINVD01 (L)";02/07/2018;7;0,000;1.240,456;"Completo";"COLETA DIÁRIA";
"RONDINHA";"SCINVDUINVD01 (L)";02/07/2018;8;0,000;1.237,138;"Completo";"COLETA DIÁRIA";
"RONDINHA";"SCINVDUINVD01 (L)";02/07/2018;9;1,905;580,783;"Completo";"COLETA DIÁRIA";
"RONDINHA";"SCINVDUINVD01 (L)";02/07/2018;10;4,659;26,550;"Completo";"COLETA DIÁRIA";
"RONDINHA";"SCINVDUINVD01 (L)";02/07/2018;11;0,000;1.241,593;"Completo";"COLETA DIÁRIA";
"RONDINHA";"SCINVDUINVD01 (L)";02/07/2018;12;0,000;1.241,802;"Completo";"COLETA DIÁRIA";
"RONDINHA";"SCINVDUINVD01 (L)";02/07/2018;13;0,000;1.251,083;"Completo";"COLETA DIÁRIA";
"RONDINHA";"SCINVDUINVD01 (L)";02/07/2018;14;0,000;1.247,582;"Completo";"COLETA DIÁRIA";
"RONDINHA";"SCINVDUINVD01 (L)";02/07/2018;15;0,000;1.235,369;"Completo";"COLETA DIÁRIA";
"RONDINHA";"SCINVDUINVD01 (L)";02/07/2018;16;0,000;1.225,029;"Completo";"COLETA DIÁRIA";
"RONDINHA";"SCINVDUINVD01 (L)";02/07/2018;17;0,000;1.246,079;"Completo";"COLETA DIÁRIA";
"RONDINHA";"SCINVDUINVD01 (L)";02/07/2018;18;0,000;1.180,118;"Completo";"COLETA DIÁRIA";
"RONDINHA";"SCINVDUINVD01 (L)";02/07/2018;19;0,000;1.143,404;"Completo";"COLETA DIÁRIA";
"RONDINHA";"SCINVDUINVD01 (L)";02/07/2018;20;0,000;1.144,513;"Completo";"COLETA DIÁRIA";
"RONDINHA";"SCINVDUINVD01 (L)";02/07/2018;21;0,000;1.138,203;"Completo";"COLETA DIÁRIA";
"RONDINHA";"SCINVDUINVD01 (L)";02/07/2018;22;0,000;1.139,015;"Completo";"COLETA DIÁRIA";
"RONDINHA";"SCINVDUINVD01 (L)";02/07/2018;23;0,000;1.140,160;"Completo";"COLETA DIÁRIA";
"RONDINHA";"SCINVDUINVD01 (L)";02/07/2018;24;0,000;1.135,802;"Completo";"COLETA DIÁRIA";
"RONDINHA";"SCINVDUINVD01 (L)";03/07/2018;1;0,000;1.137,873;"Completo";"COLETA DIÁRIA";
"RONDINHA";"SCINVDUINVD01 (L)";03/07/2018;2;0,000;1.137,536;"Completo";"COLETA DIÁRIA";
"RONDINHA";"SCINVDUINVD01 (L)";03/07/2018;3;0,000;1.130,126;"Completo";"COLETA DIÁRIA";
"RONDINHA";"SCINVDUINVD01 (L)";03/07/2018;4;0,000;1.129,160;"Completo";"COLETA DIÁRIA";
"RONDINHA";"SCINVDUINVD01 (L)";03/07/2018;5;0,000;1.135,902;"Completo";"COLETA DIÁRIA";
"RONDINHA";"SCINVDUINVD01 (L)";03/07/2018;6;0,000;1.132,129;"Completo";"COLETA DIÁRIA";
"RONDINHA";"SCINVDUINVD01 (L)";03/07/2018;7;1,365;843,147;"Completo";"COLETA DIÁRIA";
"RONDINHA";"SCINVDUINVD01 (L)";03/07/2018;8;4,449;164,776;"Completo";"COLETA DIÁRIA";
"RONDINHA";"SCINVDUINVD01 (L)";03/07/2018;9;0,000;1.172,707;"Completo";"COLETA DIÁRIA";
"RONDINHA";"SCINVDUINVD01 (L)";03/07/2018;10;0,000;1.155,097;"Completo";"COLETA DIÁRIA";
"RONDINHA";"SCINVDUINVD01 (L)";03/07/2018;11;0,000;1.147,769;"Completo";"COLETA DIÁRIA";
"RONDINHA";"SCINVDUINVD01 (L)";03/07/2018;12;0,000;1.141,199;"Completo";"COLETA DIÁRIA";
"RONDINHA";"SCINVDUINVD01 (L)";03/07/2018;13;0,000;1.135,852;"Completo";"COLETA DIÁRIA";
"RONDINHA";"SCINVDUINVD01 (L)";03/07/2018;14;0,000;1.144,627;"Completo";"COLETA DIÁRIA";
"RONDINHA";"SCINVDUINVD01 (L)";03/07/2018;15;0,000;1.138,884;"Completo";"COLETA DIÁRIA";
"RONDINHA";"SCINVDUINVD01 (L)";03/07/2018;16;0,000;1.132,795;"Completo";"COLETA DIÁRIA";
"RONDINHA";"SCINVDUINVD01 (L)";03/07/2018;17;0,000;1.137,303;"Completo";"COLETA DIÁRIA";
"RONDINHA";"SCINVDUINVD01 (L)";03/07/2018;18;0,000;1.134,479;"Completo";"COLETA DIÁRIA";
"RONDINHA";"SCINVDUINVD01 (L)";03/07/2018;19;0,000;1.128,026;"Completo";"COLETA DIÁRIA";
"RONDINHA";"SCINVDUINVD01 (L)";03/07/2018;20;0,000;1.130,472;"Completo";"COLETA DIÁRIA";
"RONDINHA";"SCINVDUINVD01 (L)";03/07/2018;21;0,000;1.130,327;"Completo";"COLETA DIÁRIA";
"RONDINHA";"SCINVDUINVD01 (L)";03/07/2018;22;0,000;1.124,416;"Completo";"COLETA DIÁRIA";
"RONDINHA";"SCINVDUINVD01 (L)";03/07/2018;23;0,000;1.121,237;"Completo";"COLETA DIÁRIA";
"RONDINHA";"SCINVDUINVD01 (L)";03/07/2018;24;0,000;1.126,971;"Completo";"COLETA DIÁRIA";
"RONDINHA";"SCINVDUINVD01 (L)";04/07/2018;1;0,000;1.121,415;"Completo";"COLETA DIÁRIA";
"RONDINHA";"SCINVDUINVD01 (L)";04/07/2018;2;0,000;1.114,940;"Completo";"COLETA DIÁRIA";
"RONDINHA";"SCINVDUINVD01 (L)";04/07/2018;3;0,000;1.116,062;"Completo";"COLETA DIÁRIA";
"RONDINHA";"SCINVDUINVD01 (L)";04/07/2018;4;0,000;1.117,568;"Completo";"COLETA DIÁRIA";
"RONDINHA";"SCINVDUINVD01 (L)";04/07/2018;5;0,000;1.113,451;"Completo";"COLETA DIÁRIA";
"RONDINHA";"SCINVDUINVD01 (L)";04/07/2018;6;0,000;1.111,163;"Completo";"COLETA DIÁRIA";
"RONDINHA";"SCINVDUINVD01 (L)";04/07/2018;7;0,000;1.118,112;"Completo";"COLETA DIÁRIA";
"RONDINHA";"SCINVDUINVD01 (L)";04/07/2018;8;0,000;1.122,442;"Completo";"COLETA DIÁRIA";
"RONDINHA";"SCINVDUINVD01 (L)";04/07/2018;9;0,000;1.131,879;"Completo";"COLETA DIÁRIA";
"RONDINHA";"SCINVDUINVD01 (L)";04/07/2018;10;0,000;1.170,175;"Completo";"COLETA DIÁRIA";
"RONDINHA";"SCINVDUINVD01 (L)";04/07/2018;11;0,000;1.212,878;"Completo";"COLETA DIÁRIA";
"RONDINHA";"SCINVDUINVD01 (L)";04/07/2018;12;0,000;1.232,863;"Completo";"COLETA DIÁRIA";
"RONDINHA";"SCINVDUINVD01 (L)";04/07/2018;13;0,000;1.228,736;"Completo";"COLETA DIÁRIA";
"RONDINHA";"SCINVDUINVD01 (L)";04/07/2018;14;0,000;1.224,096;"Completo";"COLETA DIÁRIA";
"RONDINHA";"SCINVDUINVD01 (L)";04/07/2018;15;0,000;1.218,968;"Completo";"COLETA DIÁRIA";
"RONDINHA";"SCINVDUINVD01 (L)";04/07/2018;16;0,000;1.213,760;"Completo";"COLETA DIÁRIA";
"RONDINHA";"SCINVDUINVD01 (L)";04/07/2018;17;0,000;1.208,895;"Completo";"COLETA DIÁRIA";
"RONDINHA";"SCINVDUINVD01 (L)";04/07/2018;18;0,000;1.213,567;"Completo";"COLETA DIÁRIA";
"RONDINHA";"SCINVDUINVD01 (L)";04/07/2018;19;0,000;1.207,942;"Completo";"COLETA DIÁRIA";
"RONDINHA";"SCINVDUINVD01 (L)";04/07/2018;20;0,000;1.202,529;"Completo";"COLETA DIÁRIA";
"RONDINHA";"SCINVDUINVD01 (L)";04/07/2018;21;0,000;1.199,264;"Completo";"COLETA DIÁRIA";
"RONDINHA";"SCINVDUINVD01 (L)";04/07/2018;22;0,000;1.199,765;"Completo";"COLETA DIÁRIA";
"RONDINHA";"SCINVDUINVD01 (L)";04/07/2018;23;0,000;1.206,992;"Completo";"COLETA DIÁRIA";
"RONDINHA";"SCINVDUINVD01 (L)";04/07/2018;24;0,000;1.203,759;"Completo";"COLETA DIÁRIA";
"RONDINHA";"SCINVDUINVD01 (L)";05/07/2018;1;0,000;1.200,803;"Completo";"COLETA DIÁRIA";
"RONDINHA";"SCINVDUINVD01 (L)";05/07/2018;2;0,000;1.199,866;"Completo";"COLETA DIÁRIA";
"RONDINHA";"SCINVDUINVD01 (L)";05/07/2018;3;0,000;1.208,371;"Completo";"COLETA DIÁRIA";
"RONDINHA";"SCINVDUINVD01 (L)";05/07/2018;4;0,000;1.205,295;"Completo";"COLETA DIÁRIA";
"RONDINHA";"SCINVDUINVD01 (L)";05/07/2018;5;0,000;1.201,951;"Completo";"COLETA DIÁRIA";
"RONDINHA";"SCINVDUINVD01 (L)";05/07/2018;6;0,000;1.201,607;"Completo";"COLETA DIÁRIA";
"RONDINHA";"SCINVDUINVD01 (L)";05/07/2018;7;0,000;1.207,674;"Completo";"COLETA DIÁRIA";
"RONDINHA";"SCINVDUINVD01 (L)";05/07/2018;8;0,000;1.204,258;"Completo";"COLETA DIÁRIA";
"RONDINHA";"SCINVDUINVD01 (L)";05/07/2018;9;0,000;1.200,327;"Completo";"COLETA DIÁRIA";
"RONDINHA";"SCINVDUINVD01 (L)";05/07/2018;10;0,000;1.204,651;"Completo";"COLETA DIÁRIA";
"RONDINHA";"SCINVDUINVD01 (L)";05/07/2018;11;0,000;1.208,597;"Completo";"COLETA DIÁRIA";
"RONDINHA";"SCINVDUINVD01 (L)";05/07/2018;12;0,000;1.204,890;"Completo";"COLETA DIÁRIA";
"RONDINHA";"SCINVDUINVD01 (L)";05/07/2018;13;0,000;1.201,512;"Completo";"COLETA DIÁRIA";
"RONDINHA";"SCINVDUINVD01 (L)";05/07/2018;14;0,000;1.208,251;"Completo";"COLETA DIÁRIA";
"RONDINHA";"SCINVDUINVD01 (L)";05/07/2018;15;0,000;1.206,563;"Completo";"COLETA DIÁRIA";
"RONDINHA";"SCINVDUINVD01 (L)";05/07/2018;16;0,000;1.203,143;"Completo";"COLETA DIÁRIA";
"RONDINHA";"SCINVDUINVD01 (L)";05/07/2018;17;5,651;482,542;"Completo";"COLETA DIÁRIA";
"RONDINHA";"SCINVDUINVD01 (L)";05/07/2018;18;0,000;1.210,368;"Completo";"COLETA DIÁRIA";
"RONDINHA";"SCINVDUINVD01 (L)";05/07/2018;19;0,000;1.215,810;"Completo";"COLETA DIÁRIA";
"RONDINHA";"SCINVDUINVD01 (L)";05/07/2018;20;0,000;1.212,060;"Completo";"COLETA DIÁRIA";
"RONDINHA";"SCINVDUINVD01 (L)";05/07/2018;21;0,000;1.208,020;"Completo";"COLETA DIÁRIA";
"RONDINHA";"SCINVDUINVD01 (L)";05/07/2018;22;0,000;1.214,509;"Completo";"COLETA DIÁRIA";
"RONDINHA";"SCINVDUINVD01 (L)";05/07/2018;23;0,000;1.214,773;"Completo";"COLETA DIÁRIA";
"RONDINHA";"SCINVDUINVD01 (L)";05/07/2018;24;0,000;1.211,932;"Completo";"COLETA DIÁRIA";
"RONDINHA";"SCINVDUINVD01 (L)";06/07/2018;1;0,000;1.211,902;"Completo";"COLETA DIÁRIA";
"RONDINHA";"SCINVDUINVD01 (L)";06/07/2018;2;0,000;1.218,565;"Completo";"COLETA DIÁRIA";
"RONDINHA";"SCINVDUINVD01 (L)";06/07/2018;3;0,000;1.215,736;"Completo";"COLETA DIÁRIA";
"RONDINHA";"SCINVDUINVD01 (L)";06/07/2018;4;0,000;1.212,396;"Completo";"COLETA DIÁRIA";
"RONDINHA";"SCINVDUINVD01 (L)";06/07/2018;5;0,000;1.217,147;"Completo";"COLETA DIÁRIA";
"RONDINHA";"SCINVDUINVD01 (L)";06/07/2018;6;0,000;1.218,460;"Completo";"COLETA DIÁRIA";
"RONDINHA";"SCINVDUINVD01 (L)";06/07/2018;7;0,000;1.214,802;"Completo";"COLETA DIÁRIA";
"RONDINHA";"SCINVDUINVD01 (L)";06/07/2018;8;0,000;1.211,538;"Completo";"COLETA DIÁRIA";
"RONDINHA";"SCINVDUINVD01 (L)";06/07/2018;9;0,000;1.212,037;"Completo";"COLETA DIÁRIA";
"RONDINHA";"SCINVDUINVD01 (L)";06/07/2018;10;0,000;1.201,457;"Completo";"COLETA DIÁRIA";
"RONDINHA";"SCINVDUINVD01 (L)";06/07/2018;11;0,000;1.200,562;"Completo";"COLETA DIÁRIA";
"RONDINHA";"SCINVDUINVD01 (L)";06/07/2018;12;0,000;1.202,689;"Completo";"COLETA DIÁRIA";
"RONDINHA";"SCINVDUINVD01 (L)";06/07/2018;13;0,000;1.208,700;"Completo";"COLETA DIÁRIA";
"RONDINHA";"SCINVDUINVD01 (L)";06/07/2018;14;0,000;1.207,327;"Completo";"COLETA DIÁRIA";
"RONDINHA";"SCINVDUINVD01 (L)";06/07/2018;15;0,000;1.204,544;"Completo";"COLETA DIÁRIA";
"RONDINHA";"SCINVDUINVD01 (L)";06/07/2018;16;0,000;1.208,233;"Completo";"COLETA DIÁRIA";
"RONDINHA";"SCINVDUINVD01 (L)";06/07/2018;17;0,000;1.210,249;"Completo";"COLETA DIÁRIA";
"RONDINHA";"SCINVDUINVD01 (L)";06/07/2018;18;0,000;1.206,842;"Completo";"COLETA DIÁRIA";
"RONDINHA";"SCINVDUINVD01 (L)";06/07/2018;19;0,000;1.207,661;"Completo";"COLETA DIÁRIA";
"RONDINHA";"SCINVDUINVD01 (L)";06/07/2018;20;0,000;1.212,081;"Completo";"COLETA DIÁRIA";
"RONDINHA";"SCINVDUINVD01 (L)";06/07/2018;21;0,000;1.208,938;"Completo";"COLETA DIÁRIA";
"RONDINHA";"SCINVDUINVD01 (L)";06/07/2018;22;0,000;1.206,934;"Completo";"COLETA DIÁRIA";
"RONDINHA";"SCINVDUINVD01 (L)";06/07/2018;23;0,000;1.212,935;"Completo";"COLETA DIÁRIA";
"RONDINHA";"SCINVDUINVD01 (L)";06/07/2018;24;0,000;1.209,390;"Completo";"COLETA DIÁRIA";
"RONDINHA";"SCINVDUINVD01 (L)";07/07/2018;1;0,000;1.206,330;"Completo";"COLETA DIÁRIA";
"RONDINHA";"SCINVDUINVD01 (L)";07/07/2018;2;0,000;1.213,253;"Completo";"COLETA DIÁRIA";
"RONDINHA";"SCINVDUINVD01 (L)";07/07/2018;3;0,000;1.210,873;"Completo";"COLETA DIÁRIA";
"RONDINHA";"SCINVDUINVD01 (L)";07/07/2018;4;0,000;1.207,004;"Completo";"COLETA DIÁRIA";
"RONDINHA";"SCINVDUINVD01 (L)";07/07/2018;5;0,000;1.209,034;"Completo";"COLETA DIÁRIA";
"RONDINHA";"SCINVDUINVD01 (L)";07/07/2018;6;0,000;1.210,838;"Completo";"COLETA DIÁRIA";
"RONDINHA";"SCINVDUINVD01 (L)";07/07/2018;7;0,000;1.207,048;"Completo";"COLETA DIÁRIA";
"RONDINHA";"SCINVDUINVD01 (L)";07/07/2018;8;0,000;1.204,151;"Completo";"COLETA DIÁRIA";
"RONDINHA";"SCINVDUINVD01 (L)";07/07/2018;9;0,000;1.210,387;"Completo";"COLETA DIÁRIA";
"RONDINHA";"SCINVDUINVD01 (L)";07/07/2018;10;0,819;1.111,395;"Completo";"COLETA DIÁRIA";
"RONDINHA";"SCINVDUINVD01 (L)";07/07/2018;11;2,744;887,267;"Completo";"COLETA DIÁRIA";
"RONDINHA";"SCINVDUINVD01 (L)";07/07/2018;12;0,000;1.210,968;"Completo";"COLETA DIÁRIA";
"RONDINHA";"SCINVDUINVD01 (L)";07/07/2018;13;0,000;1.210,201;"Completo";"COLETA DIÁRIA";
"RONDINHA";"SCINVDUINVD01 (L)";07/07/2018;14;0,000;1.211,751;"Completo";"COLETA DIÁRIA";
"RONDINHA";"SCINVDUINVD01 (L)";07/07/2018;15;0,000;1.212,671;"Completo";"COLETA DIÁRIA";
"RONDINHA";"SCINVDUINVD01 (L)";07/07/2018;16;0,000;1.212,933;"Completo";"COLETA DIÁRIA";
"RONDINHA";"SCINVDUINVD01 (L)";07/07/2018;17;0,000;1.213,541;"Completo";"COLETA DIÁRIA";
"RONDINHA";"SCINVDUINVD01 (L)";07/07/2018;18;0,000;1.213,205;"Completo";"COLETA DIÁRIA";
"RONDINHA";"SCINVDUINVD01 (L)";07/07/2018;19;0,000;1.212,057;"Completo";"COLETA DIÁRIA";
"RONDINHA";"SCINVDUINVD01 (L)";07/07/2018;20;0,000;1.211,251;"Completo";"COLETA DIÁRIA";
"RONDINHA";"SCINVDUINVD01 (L)";07/07/2018;21;0,000;1.211,295;"Completo";"COLETA DIÁRIA";
"RONDINHA";"SCINVDUINVD01 (L)";07/07/2018;22;0,000;1.211,114;"Completo";"COLETA DIÁRIA";
"RONDINHA";"SCINVDUINVD01 (L)";07/07/2018;23;0,000;1.210,342;"Completo";"COLETA DIÁRIA";
"RONDINHA";"SCINVDUINVD01 (L)";07/07/2018;24;0,000;1.210,234;"Completo";"COLETA DIÁRIA";
"RONDINHA";"SCINVDUINVD01 (L)";08/07/2018;1;0,000;1.209,489;"Completo";"COLETA DIÁRIA";
"RONDINHA";"SCINVDUINVD01 (L)";08/07/2018;2;0,000;1.208,869;"Completo";"COLETA DIÁRIA";
"RONDINHA";"SCINVDUINVD01 (L)";08/07/2018;3;0,000;1.207,974;"Completo";"COLETA DIÁRIA";
"RONDINHA";"SCINVDUINVD01 (L)";08/07/2018;4;0,000;1.207,746;"Completo";"COLETA DIÁRIA";
"RONDINHA";"SCINVDUINVD01 (L)";08/07/2018;5;0,000;1.206,845;"Completo";"COLETA DIÁRIA";
"RONDINHA";"SCINVDUINVD01 (L)";08/07/2018;6;0,000;1.206,143;"Completo";"COLETA DIÁRIA";
"RONDINHA";"SCINVDUINVD01 (L)";08/07/2018;7;0,000;1.205,510;"Completo";"COLETA DIÁRIA";
"RONDINHA";"SCINVDUINVD01 (L)";08/07/2018;8;0,000;1.204,573;"Completo";"COLETA DIÁRIA";
"RONDINHA";"SCINVDUINVD01 (L)";08/07/2018;9;0,000;1.203,894;"Completo";"COLETA DIÁRIA";
"RONDINHA";"SCINVDUINVD01 (L)";08/07/2018;10;0,000;1.203,022;"Completo";"COLETA DIÁRIA";
"RONDINHA";"SCINVDUINVD01 (L)";08/07/2018;11;0,000;1.203,024;"Completo";"COLETA DIÁRIA";
"RONDINHA";"SCINVDUINVD01 (L)";08/07/2018;12;0,000;1.207,159;"Completo";"COLETA DIÁRIA";
"RONDINHA";"SCINVDUINVD01 (L)";08/07/2018;13;0,000;1.206,484;"Completo";"COLETA DIÁRIA";
"RONDINHA";"SCINVDUINVD01 (L)";08/07/2018;14;0,000;1.205,790;"Completo";"COLETA DIÁRIA";
"RONDINHA";"SCINVDUINVD01 (L)";08/07/2018;15;0,000;1.205,892;"Completo";"COLETA DIÁRIA";
"RONDINHA";"SCINVDUINVD01 (L)";08/07/2018;16;0,000;1.205,726;"Completo";"COLETA DIÁRIA";
"RONDINHA";"SCINVDUINVD01 (L)";08/07/2018;17;0,000;1.205,308;"Completo";"COLETA DIÁRIA";
"RONDINHA";"SCINVDUINVD01 (L)";08/07/2018;18;0,000;1.204,298;"Completo";"COLETA DIÁRIA";
"RONDINHA";"SCINVDUINVD01 (L)";08/07/2018;19;0,000;1.202,637;"Completo";"COLETA DIÁRIA";
"RONDINHA";"SCINVDUINVD01 (L)";08/07/2018;20;0,000;1.202,068;"Completo";"COLETA DIÁRIA";
"RONDINHA";"SCINVDUINVD01 (L)";08/07/2018;21;0,000;1.200,736;"Completo";"COLETA DIÁRIA";
"RONDINHA";"SCINVDUINVD01 (L)";08/07/2018;22;0,000;1.198,863;"Completo";"COLETA DIÁRIA";
"RONDINHA";"SCINVDUINVD01 (L)";08/07/2018;23;0,000;1.195,207;"Completo";"COLETA DIÁRIA";
"RONDINHA";"SCINVDUINVD01 (L)";08/07/2018;24;0,000;1.187,770;"Completo";"COLETA DIÁRIA";
"RONDINHA";"SCINVDUINVD01 (L)";09/07/2018;1;0,000;1.169,079;"Completo";"INSPEÇÃO LÓGICA";
"RONDINHA";"SCINVDUINVD01 (L)";09/07/2018;2;0,000;1.143,855;"Completo";"INSPEÇÃO LÓGICA";
"RONDINHA";"SCINVDUINVD01 (L)";09/07/2018;3;0,000;1.114,773;"Completo";"INSPEÇÃO LÓGICA";
"RONDINHA";"SCINVDUINVD01 (L)";09/07/2018;4;0,000;1.061,449;"Completo";"INSPEÇÃO LÓGICA";
"RONDINHA";"SCINVDUINVD01 (L)";09/07/2018;5;0,000;1.009,689;"Completo";"INSPEÇÃO LÓGICA";
"RONDINHA";"SCINVDUINVD01 (L)";09/07/2018;6;0,000;988,823;"Completo";"INSPEÇÃO LÓGICA";
"RONDINHA";"SCINVDUINVD01 (L)";09/07/2018;7;0,000;962,589;"Completo";"INSPEÇÃO LÓGICA";
"RONDINHA";"SCINVDUINVD01 (L)";09/07/2018;8;2,754;719,559;"Completo";"INSPEÇÃO LÓGICA";
"RONDINHA";"SCINVDUINVD01 (L)";09/07/2018;9;0,000;1.082,345;"Completo";"INSPEÇÃO LÓGICA";
"RONDINHA";"SCINVDUINVD01 (L)";09/07/2018;10;0,000;1.011,539;"Completo";"INSPEÇÃO LÓGICA";
"RONDINHA";"SCINVDUINVD01 (L)";09/07/2018;11;0,000;930,837;"Completo";"INSPEÇÃO LÓGICA";
"RONDINHA";"SCINVDUINVD01 (L)";09/07/2018;12;0,000;844,963;"Completo";"INSPEÇÃO LÓGICA";
"RONDINHA";"SCINVDUINVD01 (L)";09/07/2018;13;0,000;780,202;"Completo";"INSPEÇÃO LÓGICA";
"RONDINHA";"SCINVDUINVD01 (L)";09/07/2018;14;0,000;743,485;"Completo";"INSPEÇÃO LÓGICA";
"RONDINHA";"SCINVDUINVD01 (L)";09/07/2018;15;0,000;723,968;"Completo";"INSPEÇÃO LÓGICA";
"RONDINHA";"SCINVDUINVD01 (L)";09/07/2018;16;0,000;712,657;"Completo";"INSPEÇÃO LÓGICA";
"RONDINHA";"SCINVDUINVD01 (L)";09/07/2018;17;0,000;700,578;"Completo";"INSPEÇÃO LÓGICA";
"RONDINHA";"SCINVDUINVD01 (L)";09/07/2018;18;0,000;691,354;"Completo";"INSPEÇÃO LÓGICA";
"RONDINHA";"SCINVDUINVD01 (L)";09/07/2018;19;2,164;516,980;"Completo";"INSPEÇÃO LÓGICA";
"RONDINHA";"SCINVDUINVD01 (L)";09/07/2018;20;2,323;672,221;"Completo";"INSPEÇÃO LÓGICA";
"RONDINHA";"SCINVDUINVD01 (L)";09/07/2018;21;0,000;880,575;"Completo";"INSPEÇÃO LÓGICA";
"RONDINHA";"SCINVDUINVD01 (L)";09/07/2018;22;0,000;880,399;"Completo";"INSPEÇÃO LÓGICA";
"RONDINHA";"SCINVDUINVD01 (L)";09/07/2018;23;0,000;880,068;"Completo";"INSPEÇÃO LÓGICA";
"RONDINHA";"SCINVDUINVD01 (L)";09/07/2018;24;0,000;880,011;"Completo";"INSPEÇÃO LÓGICA";
"RONDINHA";"SCINVDUINVD01 (L)";10/07/2018;1;0,000;880,325;"Completo";"INSPEÇÃO LÓGICA";
"RONDINHA";"SCINVDUINVD01 (L)";10/07/2018;2;0,000;880,038;"Completo";"INSPEÇÃO LÓGICA";
"RONDINHA";"SCINVDUINVD01 (L)";10/07/2018;3;0,000;880,211;"Completo";"INSPEÇÃO LÓGICA";
"RONDINHA";"SCINVDUINVD01 (L)";10/07/2018;4;0,000;880,170;"Completo";"INSPEÇÃO LÓGICA";
"RONDINHA";"SCINVDUINVD01 (L)";10/07/2018;5;0,000;880,383;"Completo";"INSPEÇÃO LÓGICA";
"RONDINHA";"SCINVDUINVD01 (L)";10/07/2018;6;0,000;880,254;"Completo";"INSPEÇÃO LÓGICA";
"RONDINHA";"SCINVDUINVD01 (L)";10/07/2018;7;0,000;879,939;"Completo";"INSPEÇÃO LÓGICA";
"RONDINHA";"SCINVDUINVD01 (L)";10/07/2018;8;0,000;988,723;"Completo";"INSPEÇÃO LÓGICA";
"RONDINHA";"SCINVDUINVD01 (L)";10/07/2018;9;0,000;1.075,230;"Completo";"INSPEÇÃO LÓGICA";
"RONDINHA";"SCINVDUINVD01 (L)";10/07/2018;10;0,000;1.103,722;"Completo";"INSPEÇÃO LÓGICA";
"RONDINHA";"SCINVDUINVD01 (L)";10/07/2018;11;0,000;1.087,081;"Completo";"INSPEÇÃO LÓGICA";
"RONDINHA";"SCINVDUINVD01 (L)";10/07/2018;12;0,000;1.018,035;"Completo";"INSPEÇÃO LÓGICA";
"RONDINHA";"SCINVDUINVD01 (L)";10/07/2018;13;0,000;996,076;"Completo";"INSPEÇÃO LÓGICA";
"RONDINHA";"SCINVDUINVD01 (L)";10/07/2018;14;0,000;1.008,220;"Completo";"INSPEÇÃO LÓGICA";
"RONDINHA";"SCINVDUINVD01 (L)";10/07/2018;15;0,000;1.022,649;"Completo";"INSPEÇÃO LÓGICA";
"RONDINHA";"SCINVDUINVD01 (L)";10/07/2018;16;0,000;1.044,825;"Completo";"INSPEÇÃO LÓGICA";
"RONDINHA";"SCINVDUINVD01 (L)";10/07/2018;17;0,000;1.076,477;"Completo";"INSPEÇÃO LÓGICA";
"RONDINHA";"SCINVDUINVD01 (L)";10/07/2018;18;0,000;1.088,910;"Completo";"INSPEÇÃO LÓGICA";
"RONDINHA";"SCINVDUINVD01 (L)";10/07/2018;19;0,000;1.082,044;"Completo";"INSPEÇÃO LÓGICA";
"RONDINHA";"SCINVDUINVD01 (L)";10/07/2018;20;0,000;1.075,418;"Completo";"INSPEÇÃO LÓGICA";
"RONDINHA";"SCINVDUINVD01 (L)";10/07/2018;21;0,000;1.088,910;"Completo";"INSPEÇÃO LÓGICA";
"RONDINHA";"SCINVDUINVD01 (L)";10/07/2018;22;0,000;1.091,533;"Completo";"INSPEÇÃO LÓGICA";
"RONDINHA";"SCINVDUINVD01 (L)";10/07/2018;23;0,000;1.093,668;"Completo";"INSPEÇÃO LÓGICA";
"RONDINHA";"SCINVDUINVD01 (L)";10/07/2018;24;0,000;1.083,704;"Completo";"INSPEÇÃO LÓGICA";
"RONDINHA";"SCINVDUINVD01 (L)";11/07/2018;1;0,000;1.073,183;"Completo";"INSPEÇÃO LÓGICA";
"RONDINHA";"SCINVDUINVD01 (L)";11/07/2018;2;0,000;1.064,608;"Completo";"INSPEÇÃO LÓGICA";
"RONDINHA";"SCINVDUINVD01 (L)";11/07/2018;3;0,000;1.048,347;"Completo";"INSPEÇÃO LÓGICA";
"RONDINHA";"SCINVDUINVD01 (L)";11/07/2018;4;0,000;1.021,257;"Completo";"INSPEÇÃO LÓGICA";
"RONDINHA";"SCINVDUINVD01 (L)";11/07/2018;5;0,000;997,288;"Completo";"INSPEÇÃO LÓGICA";
"RONDINHA";"SCINVDUINVD01 (L)";11/07/2018;6;0,000;958,557;"Completo";"INSPEÇÃO LÓGICA";
"RONDINHA";"SCINVDUINVD01 (L)";11/07/2018;7;0,000;938,749;"Completo";"INSPEÇÃO LÓGICA";
"RONDINHA";"SCINVDUINVD01 (L)";11/07/2018;8;0,000;920,835;"Completo";"INSPEÇÃO LÓGICA";
"RONDINHA";"SCINVDUINVD01 (L)";11/07/2018;9;0,000;906,214;"Completo";"INSPEÇÃO LÓGICA";
"RONDINHA";"SCINVDUINVD01 (L)";11/07/2018;10;4,984;422,002;"Completo";"INSPEÇÃO LÓGICA";
"RONDINHA";"SCINVDUINVD01 (L)";11/07/2018;11;7,035;179,694;"Completo";"INSPEÇÃO LÓGICA";
"RONDINHA";"SCINVDUINVD01 (L)";11/07/2018;12;0,000;985,216;"Completo";"INSPEÇÃO LÓGICA";
"RONDINHA";"SCINVDUINVD01 (L)";11/07/2018;13;0,000;1.075,914;"Completo";"INSPEÇÃO LÓGICA";
"RONDINHA";"SCINVDUINVD01 (L)";11/07/2018;14;0,000;1.099,697;"Completo";"INSPEÇÃO LÓGICA";
"RONDINHA";"SCINVDUINVD01 (L)";11/07/2018;15;0,000;1.036,372;"Completo";"INSPEÇÃO LÓGICA";
"RONDINHA";"SCINVDUINVD01 (L)";11/07/2018;16;0,000;906,986;"Completo";"INSPEÇÃO LÓGICA";
"RONDINHA";"SCINVDUINVD01 (L)";11/07/2018;17;0,000;918,553;"Completo";"INSPEÇÃO LÓGICA";
"RONDINHA";"SCINVDUINVD01 (L)";11/07/2018;18;0,000;951,250;"Completo";"INSPEÇÃO LÓGICA";
"RONDINHA";"SCINVDUINVD01 (L)";11/07/2018;19;0,000;916,928;"Completo";"INSPEÇÃO LÓGICA";
"RONDINHA";"SCINVDUINVD01 (L)";11/07/2018;20;0,000;892,019;"Completo";"INSPEÇÃO LÓGICA";
"RONDINHA";"SCINVDUINVD01 (L)";11/07/2018;21;0,000;882,102;"Completo";"INSPEÇÃO LÓGICA";
"RONDINHA";"SCINVDUINVD01 (L)";11/07/2018;22;0,000;879,945;"Completo";"INSPEÇÃO LÓGICA";
"RONDINHA";"SCINVDUINVD01 (L)";11/07/2018;23;0,000;879,632;"Completo";"INSPEÇÃO LÓGICA";
"RONDINHA";"SCINVDUINVD01 (L)";11/07/2018;24;0,000;879,444;"Completo";"INSPEÇÃO LÓGICA";
"RONDINHA";"SCINVDUINVD01 (L)";12/07/2018;1;0,000;879,328;"Completo";"COLETA DIÁRIA";
"RONDINHA";"SCINVDUINVD01 (L)";12/07/2018;2;0,000;625,590;"Completo";"COLETA DIÁRIA";
"RONDINHA";"SCINVDUINVD01 (L)";12/07/2018;3;0,000;409,696;"Completo";"COLETA DIÁRIA";
"RONDINHA";"SCINVDUINVD01 (L)";12/07/2018;4;0,000;351,284;"Completo";"COLETA DIÁRIA";
"RONDINHA";"SCINVDUINVD01 (L)";12/07/2018;5;0,000;318,952;"Completo";"COLETA DIÁRIA";
"RONDINHA";"SCINVDUINVD01 (L)";12/07/2018;6;0,000;293,879;"Completo";"COLETA DIÁRIA";
"RONDINHA";"SCINVDUINVD01 (L)";12/07/2018;7;0,000;277,061;"Completo";"COLETA DIÁRIA";
"RONDINHA";"SCINVDUINVD01 (L)";12/07/2018;8;0,000;257,549;"Completo";"COLETA DIÁRIA";
"RONDINHA";"SCINVDUINVD01 (L)";12/07/2018;9;7,168;62,322;"Completo";"COLETA DIÁRIA";
"RONDINHA";"SCINVDUINVD01 (L)";12/07/2018;10;1,260;921,981;"Completo";"COLETA DIÁRIA";
"RONDINHA";"SCINVDUINVD01 (L)";12/07/2018;11;0,000;886,209;"Completo";"COLETA DIÁRIA";
"RONDINHA";"SCINVDUINVD01 (L)";12/07/2018;12;0,000;693,981;"Completo";"COLETA DIÁRIA";
"RONDINHA";"SCINVDUINVD01 (L)";12/07/2018;13;0,000;639,132;"Completo";"COLETA DIÁRIA";
"RONDINHA";"SCINVDUINVD01 (L)";12/07/2018;14;0,000;652,667;"Completo";"COLETA DIÁRIA";
"RONDINHA";"SCINVDUINVD01 (L)";12/07/2018;15;0,000;630,005;"Completo";"COLETA DIÁRIA";
"RONDINHA";"SCINVDUINVD01 (L)";12/07/2018;16;0,000;634,091;"Completo";"COLETA DIÁRIA";
"RONDINHA";"SCINVDUINVD01 (L)";12/07/2018;17;0,000;632,472;"Completo";"COLETA DIÁRIA";
"RONDINHA";"SCINVDUINVD01 (L)";12/07/2018;18;0,000;621,776;"Completo";"COLETA DIÁRIA";
"RONDINHA";"SCINVDUINVD01 (L)";12/07/2018;19;0,000;610,400;"Completo";"COLETA DIÁRIA";
"RONDINHA";"SCINVDUINVD01 (L)";12/07/2018;20;0,000;602,180;"Completo";"COLETA DIÁRIA";
"RONDINHA";"SCINVDUINVD01 (L)";12/07/2018;21;0,000;596,731;"Completo";"COLETA DIÁRIA";
"RONDINHA";"SCINVDUINVD01 (L)";12/07/2018;22;0,000;592,400;"Completo";"COLETA DIÁRIA";
"RONDINHA";"SCINVDUINVD01 (L)";12/07/2018;23;0,000;586,854;"Completo";"COLETA DIÁRIA";
"RONDINHA";"SCINVDUINVD01 (L)";12/07/2018;24;0,000;582,343;"Completo";"COLETA DIÁRIA";
"RONDINHA";"SCINVDUINVD01 (L)";13/07/2018;1;0,000;580,214;"Completo";"COLETA DIÁRIA";
"RONDINHA";"SCINVDUINVD01 (L)";13/07/2018;2;0,000;572,627;"Completo";"COLETA DIÁRIA";
"RONDINHA";"SCINVDUINVD01 (L)";13/07/2018;3;0,000;567,359;"Completo";"COLETA DIÁRIA";
"RONDINHA";"SCINVDUINVD01 (L)";13/07/2018;4;0,000;554,527;"Completo";"COLETA DIÁRIA";
"RONDINHA";"SCINVDUINVD01 (L)";13/07/2018;5;0,000;558,456;"Completo";"COLETA DIÁRIA";
"RONDINHA";"SCINVDUINVD01 (L)";13/07/2018;6;0,000;548,993;"Completo";"COLETA DIÁRIA";
"RONDINHA";"SCINVDUINVD01 (L)";13/07/2018;7;0,000;544,606;"Completo";"COLETA DIÁRIA";
"RONDINHA";"SCINVDUINVD01 (L)";13/07/2018;8;0,000;540,741;"Completo";"COLETA DIÁRIA";
"RONDINHA";"SCINVDUINVD01 (L)";13/07/2018;9;0,000;540,481;"Completo";"COLETA DIÁRIA";
"RONDINHA";"SCINVDUINVD01 (L)";13/07/2018;10;0,000;525,289;"Completo";"COLETA DIÁRIA";
"RONDINHA";"SCINVDUINVD01 (L)";13/07/2018;11;0,000;509,080;"Completo";"COLETA DIÁRIA";
"RONDINHA";"SCINVDUINVD01 (L)";13/07/2018;12;0,000;494,664;"Completo";"COLETA DIÁRIA";
"RONDINHA";"SCINVDUINVD01 (L)";13/07/2018;13;0,000;517,243;"Completo";"COLETA DIÁRIA";
"RONDINHA";"SCINVDUINVD01 (L)";13/07/2018;14;0,000;518,402;"Completo";"COLETA DIÁRIA";
"RONDINHA";"SCINVDUINVD01 (L)";13/07/2018;15;0,000;520,263;"Completo";"COLETA DIÁRIA";
"RONDINHA";"SCINVDUINVD01 (L)";13/07/2018;16;0,000;515,954;"Completo";"COLETA DIÁRIA";
"RONDINHA";"SCINVDUINVD01 (L)";13/07/2018;17;0,000;510,464;"Completo";"COLETA DIÁRIA";
"RONDINHA";"SCINVDUINVD01 (L)";13/07/2018;18;0,000;541,902;"Completo";"COLETA DIÁRIA";
"RONDINHA";"SCINVDUINVD01 (L)";13/07/2018;19;0,000;518,979;"Completo";"COLETA DIÁRIA";
"RONDINHA";"SCINVDUINVD01 (L)";13/07/2018;20;0,000;509,873;"Completo";"COLETA DIÁRIA";
"RONDINHA";"SCINVDUINVD01 (L)";13/07/2018;21;0,000;503,650;"Completo";"COLETA DIÁRIA";
"RONDINHA";"SCINVDUINVD01 (L)";13/07/2018;22;0,000;492,568;"Completo";"COLETA DIÁRIA";
"RONDINHA";"SCINVDUINVD01 (L)";13/07/2018;23;0,000;491,098;"Completo";"COLETA DIÁRIA";
"RONDINHA";"SCINVDUINVD01 (L)";13/07/2018;24;0,000;489,022;"Completo";"COLETA DIÁRIA";
"RONDINHA";"SCINVDUINVD01 (L)";14/07/2018;1;0,000;488,209;"Completo";"COLETA DIÁRIA";
"RONDINHA";"SCINVDUINVD01 (L)";14/07/2018;2;0,000;488,556;"Completo";"COLETA DIÁRIA";
"RONDINHA";"SCINVDUINVD01 (L)";14/07/2018;3;0,000;488,245;"Completo";"COLETA DIÁRIA";
"RONDINHA";"SCINVDUINVD01 (L)";14/07/2018;4;0,000;488,440;"Completo";"COLETA DIÁRIA";
"RONDINHA";"SCINVDUINVD01 (L)";14/07/2018;5;0,000;488,381;"Completo";"COLETA DIÁRIA";
"RONDINHA";"SCINVDUINVD01 (L)";14/07/2018;6;0,000;488,361;"Completo";"COLETA DIÁRIA";
"RONDINHA";"SCINVDUINVD01 (L)";14/07/2018;7;0,000;488,197;"Completo";"COLETA DIÁRIA";
"RONDINHA";"SCINVDUINVD01 (L)";14/07/2018;8;5,795;144,104;"Completo";"COLETA DIÁRIA";
"RONDINHA";"SCINVDUINVD01 (L)";14/07/2018;9;10,249;0,000;"Completo";"COLETA DIÁRIA";
"RONDINHA";"SCINVDUINVD01 (L)";14/07/2018;10;4,761;534,140;"Completo";"COLETA DIÁRIA";
"RONDINHA";"SCINVDUINVD01 (L)";14/07/2018;11;1,344;922,885;"Completo";"COLETA DIÁRIA";
"RONDINHA";"SCINVDUINVD01 (L)";14/07/2018;12;0,000;738,745;"Completo";"COLETA DIÁRIA";
"RONDINHA";"SCINVDUINVD01 (L)";14/07/2018;13;0,000;488,059;"Completo";"COLETA DIÁRIA";
"RONDINHA";"SCINVDUINVD01 (L)";14/07/2018;14;2,152;374,431;"Completo";"COLETA DIÁRIA";
"RONDINHA";"SCINVDUINVD01 (L)";14/07/2018;15;9,876;0,000;"Completo";"COLETA DIÁRIA";
"RONDINHA";"SCINVDUINVD01 (L)";14/07/2018;16;5,021;464,635;"Completo";"COLETA DIÁRIA";
"RONDINHA";"SCINVDUINVD01 (L)";14/07/2018;17;0,000;1.055,795;"Completo";"COLETA DIÁRIA";
"RONDINHA";"SCINVDUINVD01 (L)";14/07/2018;18;0,000;650,428;"Completo";"COLETA DIÁRIA";
"RONDINHA";"SCINVDUINVD01 (L)";14/07/2018;19;0,000;488,123;"Completo";"COLETA DIÁRIA";
"RONDINHA";"SCINVDUINVD01 (L)";14/07/2018;20;0,000;488,070;"Completo";"COLETA DIÁRIA";
"RONDINHA";"SCINVDUINVD01 (L)";14/07/2018;21;0,000;488,155;"Completo";"COLETA DIÁRIA";
"RONDINHA";"SCINVDUINVD01 (L)";14/07/2018;22;0,000;488,119;"Completo";"COLETA DIÁRIA";
"RONDINHA";"SCINVDUINVD01 (L)";14/07/2018;23;1,704;397,268;"Completo";"COLETA DIÁRIA";
"RONDINHA";"SCINVDUINVD01 (L)";14/07/2018;24;10,489;0,000;"Completo";"COLETA DIÁRIA";
"RONDINHA";"SCINVDUINVD01 (L)";15/07/2018;1;9,976;22,716;"Completo";"COLETA DIÁRIA";
"RONDINHA";"SCINVDUINVD01 (L)";15/07/2018;2;0,000;1.072,857;"Completo";"COLETA DIÁRIA";
"RONDINHA";"SCINVDUINVD01 (L)";15/07/2018;3;0,000;774,948;"Completo";"COLETA DIÁRIA";
"RONDINHA";"SCINVDUINVD01 (L)";15/07/2018;4;0,000;488,586;"Completo";"COLETA DIÁRIA";
"RONDINHA";"SCINVDUINVD01 (L)";15/07/2018;5;0,000;488,740;"Completo";"COLETA DIÁRIA";
"RONDINHA";"SCINVDUINVD01 (L)";15/07/2018;6;0,000;488,605;"Completo";"COLETA DIÁRIA";
"RONDINHA";"SCINVDUINVD01 (L)";15/07/2018;7;7,774;97,711;"Completo";"COLETA DIÁRIA";
"RONDINHA";"SCINVDUINVD01 (L)";15/07/2018;8;9,526;0,000;"Completo";"COLETA DIÁRIA";
"RONDINHA";"SCINVDUINVD01 (L)";15/07/2018;9;4,219;561,256;"Completo";"COLETA DIÁRIA";
"RONDINHA";"SCINVDUINVD01 (L)";15/07/2018;10;0,000;993,632;"Completo";"COLETA DIÁRIA";
"RONDINHA";"SCINVDUINVD01 (L)";15/07/2018;11;0,000;511,906;"Completo";"COLETA DIÁRIA";
"RONDINHA";"SCINVDUINVD01 (L)";15/07/2018;12;0,000;488,366;"Completo";"COLETA DIÁRIA";
"RONDINHA";"SCINVDUINVD01 (L)";15/07/2018;13;0,000;488,069;"Completo";"COLETA DIÁRIA";
"RONDINHA";"SCINVDUINVD01 (L)";15/07/2018;14;8,160;48,095;"Completo";"COLETA DIÁRIA";
"RONDINHA";"SCINVDUINVD01 (L)";15/07/2018;15;8,859;0,000;"Completo";"COLETA DIÁRIA";
"RONDINHA";"SCINVDUINVD01 (L)";15/07/2018;16;4,364;565,705;"Completo";"COLETA DIÁRIA";
"RONDINHA";"SCINVDUINVD01 (L)";15/07/2018;17;0,000;1.005,184;"Completo";"COLETA DIÁRIA";
"RONDINHA";"SCINVDUINVD01 (L)";15/07/2018;18;0,000;521,774;"Completo";"COLETA DIÁRIA";
"RONDINHA";"SCINVDUINVD01 (L)";15/07/2018;19;0,000;488,144;"Completo";"COLETA DIÁRIA";
"RONDINHA";"SCINVDUINVD01 (L)";15/07/2018;20;0,000;487,879;"Completo";"COLETA DIÁRIA";
"RONDINHA";"SCINVDUINVD01 (L)";15/07/2018;21;8,571;78,442;"Completo";"COLETA DIÁRIA";
"RONDINHA";"SCINVDUINVD01 (L)";15/07/2018;22;10,239;0,000;"Completo";"COLETA DIÁRIA";
"RONDINHA";"SCINVDUINVD01 (L)";15/07/2018;23;5,712;474,439;"Completo";"COLETA DIÁRIA";
"RONDINHA";"SCINVDUINVD01 (L)";15/07/2018;24;0,000;1.020,937;"Completo";"COLETA DIÁRIA";
"RONDINHA";"SCINVDUINVD01 (L)";16/07/2018;1;0,000;514,234;"Completo";"COLETA DIÁRIA";
"RONDINHA";"SCINVDUINVD01 (L)";16/07/2018;2;0,000;488,049;"Completo";"COLETA DIÁRIA";
"RONDINHA";"SCINVDUINVD01 (L)";16/07/2018;3;4,310;272,188;"Completo";"COLETA DIÁRIA";
"RONDINHA";"SCINVDUINVD01 (L)";16/07/2018;4;10,198;0,000;"Completo";"COLETA DIÁRIA";
"RONDINHA";"SCINVDUINVD01 (L)";16/07/2018;5;10,194;0,000;"Completo";"COLETA DIÁRIA";
"RONDINHA";"SCINVDUINVD01 (L)";16/07/2018;6;1,250;938,469;"Completo";"COLETA DIÁRIA";
"RONDINHA";"SCINVDUINVD01 (L)";16/07/2018;7;0,000;761,842;"Completo";"COLETA DIÁRIA";
"RONDINHA";"SCINVDUINVD01 (L)";16/07/2018;8;0,000;488,140;"Completo";"COLETA DIÁRIA";
"RONDINHA";"SCINVDUINVD01 (L)";16/07/2018;9;3,164;326,859;"Completo";"COLETA DIÁRIA";
"RONDINHA";"SCINVDUINVD01 (L)";16/07/2018;10;8,769;0,000;"Completo";"COLETA DIÁRIA";
"RONDINHA";"SCINVDUINVD01 (L)";16/07/2018;11;8,801;0,000;"Completo";"COLETA DIÁRIA";
"RONDINHA";"SCINVDUINVD01 (L)";16/07/2018;12;3,376;674,824;"Completo";"COLETA DIÁRIA";
"RONDINHA";"SCINVDUINVD01 (L)";16/07/2018;13;0,000;898,554;"Completo";"COLETA DIÁRIA";
"RONDINHA";"SCINVDUINVD01 (L)";16/07/2018;14;0,000;488,189;"Completo";"COLETA DIÁRIA";
"RONDINHA";"SCINVDUINVD01 (L)";16/07/2018;15;1,647;399,215;"Completo";"COLETA DIÁRIA";
"RONDINHA";"SCINVDUINVD01 (L)";16/07/2018;16;9,123;0,000;"Completo";"COLETA DIÁRIA";
"RONDINHA";"SCINVDUINVD01 (L)";16/07/2018;17;8,942;0,000;"Completo";"COLETA DIÁRIA";
"RONDINHA";"SCINVDUINVD01 (L)";16/07/2018;18;4,149;587,733;"Completo";"COLETA DIÁRIA";
"RONDINHA";"SCINVDUINVD01 (L)";16/07/2018;19;0,000;1.030,892;"Completo";"COLETA DIÁRIA";
"RONDINHA";"SCINVDUINVD01 (L)";16/07/2018;20;0,526;568,291;"Completo";"COLETA DIÁRIA";
"RONDINHA";"SCINVDUINVD01 (L)";16/07/2018;21;0,254;877,891;"Completo";"COLETA DIÁRIA";
"RONDINHA";"SCINVDUINVD01 (L)";16/07/2018;22;1,995;630,357;"Completo";"COLETA DIÁRIA";
"RONDINHA";"SCINVDUINVD01 (L)";16/07/2018;23;0,000;1.190,408;"Completo";"COLETA DIÁRIA";
"RONDINHA";"SCINVDUINVD01 (L)";16/07/2018;24;0,000;1.223,094;"Completo";"COLETA DIÁRIA";
"RONDINHA";"SCINVDUINVD01 (L)";17/07/2018;1;0,000;1.222,192;"Completo";"COLETA DIÁRIA";
"RONDINHA";"SCINVDUINVD01 (L)";17/07/2018;2;0,000;1.218,484;"Completo";"COLETA DIÁRIA";
"RONDINHA";"SCINVDUINVD01 (L)";17/07/2018;3;0,000;1.218,606;"Completo";"COLETA DIÁRIA";
"RONDINHA";"SCINVDUINVD01 (L)";17/07/2018;4;0,000;1.215,489;"Completo";"COLETA DIÁRIA";
"RONDINHA";"SCINVDUINVD01 (L)";17/07/2018;5;0,000;1.208,574;"Completo";"COLETA DIÁRIA";
"RONDINHA";"SCINVDUINVD01 (L)";17/07/2018;6;0,000;1.209,241;"Completo";"COLETA DIÁRIA";
"RONDINHA";"SCINVDUINVD01 (L)";17/07/2018;7;0,000;1.208,500;"Completo";"COLETA DIÁRIA";
"RONDINHA";"SCINVDUINVD01 (L)";17/07/2018;8;0,000;1.202,459;"Completo";"COLETA DIÁRIA";
"RONDINHA";"SCINVDUINVD01 (L)";17/07/2018;9;0,000;1.207,052;"Completo";"COLETA DIÁRIA";
"RONDINHA";"SCINVDUINVD01 (L)";17/07/2018;10;0,000;1.207,253;"Completo";"COLETA DIÁRIA";
"RONDINHA";"SCINVDUINVD01 (L)";17/07/2018;11;0,000;1.203,382;"Completo";"COLETA DIÁRIA";
"RONDINHA";"SCINVDUINVD01 (L)";17/07/2018;12;0,000;1.210,029;"Completo";"COLETA DIÁRIA";
"RONDINHA";"SCINVDUINVD01 (L)";17/07/2018;13;0,000;1.208,676;"Completo";"COLETA DIÁRIA";
"RONDINHA";"SCINVDUINVD01 (L)";17/07/2018;14;0,000;1.203,839;"Completo";"COLETA DIÁRIA";
"RONDINHA";"SCINVDUINVD01 (L)";17/07/2018;15;0,000;1.211,478;"Completo";"COLETA DIÁRIA";
"RONDINHA";"SCINVDUINVD01 (L)";17/07/2018;16;0,000;1.206,288;"Completo";"COLETA DIÁRIA";
"RONDINHA";"SCINVDUINVD01 (L)";17/07/2018;17;0,000;1.208,127;"Completo";"COLETA DIÁRIA";
"RONDINHA";"SCINVDUINVD01 (L)";17/07/2018;18;0,000;1.208,773;"Completo";"COLETA DIÁRIA";
"RONDINHA";"SCINVDUINVD01 (L)";17/07/2018;19;0,000;1.206,849;"Completo";"COLETA DIÁRIA";
"RONDINHA";"SCINVDUINVD01 (L)";17/07/2018;20;0,000;1.213,046;"Completo";"COLETA DIÁRIA";
"RONDINHA";"SCINVDUINVD01 (L)";17/07/2018;21;0,000;1.209,501;"Completo";"COLETA DIÁRIA";
"RONDINHA";"SCINVDUINVD01 (L)";17/07/2018;22;0,000;1.216,231;"Completo";"COLETA DIÁRIA";
"RONDINHA";"SCINVDUINVD01 (L)";17/07/2018;23;0,000;1.213,695;"Completo";"COLETA DIÁRIA";
"RONDINHA";"SCINVDUINVD01 (L)";17/07/2018;24;0,000;1.213,821;"Completo";"COLETA DIÁRIA";
"RONDINHA";"SCINVDUINVD01 (L)";18/07/2018;1;0,000;1.217,387;"Completo";"COLETA DIÁRIA";
"RONDINHA";"SCINVDUINVD01 (L)";18/07/2018;2;0,000;1.212,741;"Completo";"COLETA DIÁRIA";
"RONDINHA";"SCINVDUINVD01 (L)";18/07/2018;3;0,000;1.220,625;"Completo";"COLETA DIÁRIA";
"RONDINHA";"SCINVDUINVD01 (L)";18/07/2018;4;0,000;1.216,795;"Completo";"COLETA DIÁRIA";
"RONDINHA";"SCINVDUINVD01 (L)";18/07/2018;5;0,000;1.217,481;"Completo";"COLETA DIÁRIA";
"RONDINHA";"SCINVDUINVD01 (L)";18/07/2018;6;0,000;1.220,555;"Completo";"COLETA DIÁRIA";
"RONDINHA";"SCINVDUINVD01 (L)";18/07/2018;7;0,000;1.216,722;"Completo";"COLETA DIÁRIA";
"RONDINHA";"SCINVDUINVD01 (L)";18/07/2018;8;0,000;1.220,114;"Completo";"COLETA DIÁRIA";
"RONDINHA";"SCINVDUINVD01 (L)";18/07/2018;9;0,000;1.220,302;"Completo";"COLETA DIÁRIA";
"RONDINHA";"SCINVDUINVD01 (L)";18/07/2018;10;0,000;1.217,725;"Completo";"COLETA DIÁRIA";
"RONDINHA";"SCINVDUINVD01 (L)";18/07/2018;11;0,000;1.220,908;"Completo";"COLETA DIÁRIA";
"RONDINHA";"SCINVDUINVD01 (L)";18/07/2018;12;2,425;465,528;"Completo";"COLETA DIÁRIA";
"RONDINHA";"SCINVDUINVD01 (L)";18/07/2018;13;1,205;1.029,216;"Completo";"COLETA DIÁRIA";
"RONDINHA";"SCINVDUINVD01 (L)";18/07/2018;14;0,000;1.221,242;"Completo";"COLETA DIÁRIA";
"RONDINHA";"SCINVDUINVD01 (L)";18/07/2018;15;0,000;1.221,182;"Completo";"COLETA DIÁRIA";
"RONDINHA";"SCINVDUINVD01 (L)";18/07/2018;16;0,000;1.221,503;"Completo";"COLETA DIÁRIA";
"RONDINHA";"SCINVDUINVD01 (L)";18/07/2018;17;0,000;1.222,389;"Completo";"COLETA DIÁRIA";
"RONDINHA";"SCINVDUINVD01 (L)";18/07/2018;18;0,000;1.221,533;"Completo";"COLETA DIÁRIA";
"RONDINHA";"SCINVDUINVD01 (L)";18/07/2018;19;0,000;1.222,053;"Completo";"COLETA DIÁRIA";
"RONDINHA";"SCINVDUINVD01 (L)";18/07/2018;20;0,000;1.222,190;"Completo";"COLETA DIÁRIA";
"RONDINHA";"SCINVDUINVD01 (L)";18/07/2018;21;0,000;1.222,420;"Completo";"COLETA DIÁRIA";
"RONDINHA";"SCINVDUINVD01 (L)";18/07/2018;22;0,000;1.222,369;"Completo";"COLETA DIÁRIA";
"RONDINHA";"SCINVDUINVD01 (L)";18/07/2018;23;0,000;1.222,208;"Completo";"COLETA DIÁRIA";
"RONDINHA";"SCINVDUINVD01 (L)";18/07/2018;24;0,000;1.222,108;"Completo";"COLETA DIÁRIA";
"RONDINHA";"SCINVDUINVD01 (L)";19/07/2018;1;0,000;1.222,067;"Completo";"COLETA DIÁRIA";
"RONDINHA";"SCINVDUINVD01 (L)";19/07/2018;2;0,000;1.214,841;"Completo";"COLETA DIÁRIA";
"RONDINHA";"SCINVDUINVD01 (L)";19/07/2018;3;0,000;1.222,147;"Completo";"COLETA DIÁRIA";
"RONDINHA";"SCINVDUINVD01 (L)";19/07/2018;4;0,000;1.221,911;"Completo";"COLETA DIÁRIA";
"RONDINHA";"SCINVDUINVD01 (L)";19/07/2018;5;0,000;1.142,572;"Completo";"COLETA DIÁRIA";
"RONDINHA";"SCINVDUINVD01 (L)";19/07/2018;6;0,000;1.129,467;"Completo";"COLETA DIÁRIA";
"RONDINHA";"SCINVDUINVD01 (L)";19/07/2018;7;0,000;1.127,117;"Completo";"COLETA DIÁRIA";
"RONDINHA";"SCINVDUINVD01 (L)";19/07/2018;8;0,000;1.130,910;"Completo";"COLETA DIÁRIA";
"RONDINHA";"SCINVDUINVD01 (L)";19/07/2018;9;0,000;1.124,170;"Completo";"COLETA DIÁRIA";
"RONDINHA";"SCINVDUINVD01 (L)";19/07/2018;10;0,000;1.124,336;"Completo";"COLETA DIÁRIA";
"RONDINHA";"SCINVDUINVD01 (L)";19/07/2018;11;0,000;1.126,503;"Completo";"COLETA DIÁRIA";
"RONDINHA";"SCINVDUINVD01 (L)";19/07/2018;12;0,000;1.120,923;"Completo";"COLETA DIÁRIA";
"RONDINHA";"SCINVDUINVD01 (L)";19/07/2018;13;0,000;1.113,642;"Completo";"COLETA DIÁRIA";
"RONDINHA";"SCINVDUINVD01 (L)";19/07/2018;14;0,000;1.076,026;"Completo";"COLETA DIÁRIA";
"RONDINHA";"SCINVDUINVD01 (L)";19/07/2018;15;0,000;1.075,358;"Completo";"COLETA DIÁRIA";
"RONDINHA";"SCINVDUINVD01 (L)";19/07/2018;16;0,000;1.074,859;"Completo";"COLETA DIÁRIA";
"RONDINHA";"SCINVDUINVD01 (L)";19/07/2018;17;0,000;1.075,207;"Completo";"COLETA DIÁRIA";
"RONDINHA";"SCINVDUINVD01 (L)";19/07/2018;18;0,000;1.075,360;"Completo";"COLETA DIÁRIA";
"RONDINHA";"SCINVDUINVD01 (L)";19/07/2018;19;0,000;1.075,765;"Completo";"COLETA DIÁRIA";
"RONDINHA";"SCINVDUINVD01 (L)";19/07/2018;20;0,000;1.076,397;"Completo";"COLETA DIÁRIA";
"RONDINHA";"SCINVDUINVD01 (L)";19/07/2018;21;0,000;1.075,902;"Completo";"COLETA DIÁRIA";
"RONDINHA";"SCINVDUINVD01 (L)";19/07/2018;22;0,000;1.076,222;"Completo";"COLETA DIÁRIA";
"RONDINHA";"SCINVDUINVD01 (L)";19/07/2018;23;0,000;1.075,586;"Completo";"COLETA DIÁRIA";
"RONDINHA";"SCINVDUINVD01 (L)";19/07/2018;24;0,000;1.075,453;"Completo";"COLETA DIÁRIA";
"RONDINHA";"SCINVDUINVD01 (L)";20/07/2018;1;0,000;1.076,100;"Completo";"COLETA DIÁRIA";
"RONDINHA";"SCINVDUINVD01 (L)";20/07/2018;2;0,000;1.075,783;"Completo";"COLETA DIÁRIA";
"RONDINHA";"SCINVDUINVD01 (L)";20/07/2018;3;0,000;1.075,930;"Completo";"COLETA DIÁRIA";
"RONDINHA";"SCINVDUINVD01 (L)";20/07/2018;4;0,000;1.075,657;"Completo";"COLETA DIÁRIA";
"RONDINHA";"SCINVDUINVD01 (L)";20/07/2018;5;0,000;1.076,879;"Completo";"COLETA DIÁRIA";
"RONDINHA";"SCINVDUINVD01 (L)";20/07/2018;6;0,000;1.089,749;"Completo";"COLETA DIÁRIA";
"RONDINHA";"SCINVDUINVD01 (L)";20/07/2018;7;0,000;1.084,641;"Completo";"COLETA DIÁRIA";
"RONDINHA";"SCINVDUINVD01 (L)";20/07/2018;8;0,000;1.072,244;"Completo";"COLETA DIÁRIA";
"RONDINHA";"SCINVDUINVD01 (L)";20/07/2018;9;0,000;1.065,659;"Completo";"COLETA DIÁRIA";
"RONDINHA";"SCINVDUINVD01 (L)";20/07/2018;10;8,577;105,108;"Completo";"COLETA DIÁRIA";
"RONDINHA";"SCINVDUINVD01 (L)";20/07/2018;11;9,611;0,000;"Completo";"COLETA DIÁRIA";
"RONDINHA";"SCINVDUINVD01 (L)";20/07/2018;12;6,272;336,879;"Completo";"COLETA DIÁRIA";
"RONDINHA";"SCINVDUINVD01 (L)";20/07/2018;13;0,000;1.142,284;"Completo";"COLETA DIÁRIA";
"RONDINHA";"SCINVDUINVD01 (L)";20/07/2018;14;0,000;1.079,312;"Completo";"COLETA DIÁRIA";
"RONDINHA";"SCINVDUINVD01 (L)";20/07/2018;15;0,000;1.153,933;"Completo";"COLETA DIÁRIA";
"RONDINHA";"SCINVDUINVD01 (L)";20/07/2018;16;0,000;1.153,658;"Completo";"COLETA DIÁRIA";
"RONDINHA";"SCINVDUINVD01 (L)";20/07/2018;17;0,000;1.113,959;"Completo";"COLETA DIÁRIA";
"RONDINHA";"SCINVDUINVD01 (L)";20/07/2018;18;0,000;1.065,183;"Completo";"COLETA DIÁRIA";
"RONDINHA";"SCINVDUINVD01 (L)";20/07/2018;19;0,000;1.153,354;"Completo";"COLETA DIÁRIA";
"RONDINHA";"SCINVDUINVD01 (L)";20/07/2018;20;0,000;1.153,743;"Completo";"COLETA DIÁRIA";
"RONDINHA";"SCINVDUINVD01 (L)";20/07/2018;21;0,000;1.122,863;"Completo";"COLETA DIÁRIA";
"RONDINHA";"SCINVDUINVD01 (L)";20/07/2018;22;0,000;1.057,784;"Completo";"COLETA DIÁRIA";
"RONDINHA";"SCINVDUINVD01 (L)";20/07/2018;23;0,000;1.057,168;"Completo";"COLETA DIÁRIA";
"RONDINHA";"SCINVDUINVD01 (L)";20/07/2018;24;0,000;1.050,537;"Completo";"COLETA DIÁRIA";
"RONDINHA";"SCINVDUINVD01 (L)";21/07/2018;1;0,000;841,896;"Completo";"COLETA DIÁRIA";
"RONDINHA";"SCINVDUINVD01 (L)";21/07/2018;2;0,000;690,517;"Completo";"COLETA DIÁRIA";
"RONDINHA";"SCINVDUINVD01 (L)";21/07/2018;3;0,000;629,816;"Completo";"COLETA DIÁRIA";
"RONDINHA";"SCINVDUINVD01 (L)";21/07/2018;4;8,367;114,926;"Completo";"COLETA DIÁRIA";
"RONDINHA";"SCINVDUINVD01 (L)";21/07/2018;5;0,887;1.045,850;"Completo";"COLETA DIÁRIA";
"RONDINHA";"SCINVDUINVD01 (L)";21/07/2018;6;0,000;1.154,211;"Completo";"COLETA DIÁRIA";
"RONDINHA";"SCINVDUINVD01 (L)";21/07/2018;7;0,000;1.091,257;"Completo";"COLETA DIÁRIA";
"RONDINHA";"SCINVDUINVD01 (L)";21/07/2018;8;0,000;1.057,571;"Completo";"COLETA DIÁRIA";
"RONDINHA";"SCINVDUINVD01 (L)";21/07/2018;9;0,000;1.057,609;"Completo";"COLETA DIÁRIA";
"RONDINHA";"SCINVDUINVD01 (L)";21/07/2018;10;0,000;1.055,867;"Completo";"COLETA DIÁRIA";
"RONDINHA";"SCINVDUINVD01 (L)";21/07/2018;11;2,515;666,177;"Completo";"COLETA DIÁRIA";
"RONDINHA";"SCINVDUINVD01 (L)";21/07/2018;12;7,032;344,443;"Completo";"COLETA DIÁRIA";
"RONDINHA";"SCINVDUINVD01 (L)";21/07/2018;13;0,000;1.075,816;"Completo";"COLETA DIÁRIA";
"RONDINHA";"SCINVDUINVD01 (L)";21/07/2018;14;0,000;1.094,788;"Completo";"COLETA DIÁRIA";
"RONDINHA";"SCINVDUINVD01 (L)";21/07/2018;15;0,000;1.076,006;"Completo";"COLETA DIÁRIA";
"RONDINHA";"SCINVDUINVD01 (L)";21/07/2018;16;0,000;1.075,471;"Completo";"COLETA DIÁRIA";
"RONDINHA";"SCINVDUINVD01 (L)";21/07/2018;17;0,000;1.030,093;"Completo";"COLETA DIÁRIA";
"RONDINHA";"SCINVDUINVD01 (L)";21/07/2018;18;0,000;961,798;"Completo";"COLETA DIÁRIA";
"RONDINHA";"SCINVDUINVD01 (L)";21/07/2018;19;0,000;913,052;"Completo";"COLETA DIÁRIA";
"RONDINHA";"SCINVDUINVD01 (L)";21/07/2018;20;0,000;860,317;"Completo";"COLETA DIÁRIA";
"RONDINHA";"SCINVDUINVD01 (L)";21/07/2018;21;0,000;851,781;"Completo";"COLETA DIÁRIA";
"RONDINHA";"SCINVDUINVD01 (L)";21/07/2018;22;0,000;814,744;"Completo";"COLETA DIÁRIA";
"RONDINHA";"SCINVDUINVD01 (L)";21/07/2018;23;0,000;785,515;"Completo";"COLETA DIÁRIA";
"RONDINHA";"SCINVDUINVD01 (L)";21/07/2018;24;0,000;767,971;"Completo";"COLETA DIÁRIA";
"RONDINHA";"SCINVDUINVD01 (L)";22/07/2018;1;0,000;737,886;"Completo";"COLETA DIÁRIA";
"RONDINHA";"SCINVDUINVD01 (L)";22/07/2018;2;0,000;724,428;"Completo";"COLETA DIÁRIA";
"RONDINHA";"SCINVDUINVD01 (L)";22/07/2018;3;0,000;681,451;"Completo";"COLETA DIÁRIA";
"RONDINHA";"SCINVDUINVD01 (L)";22/07/2018;4;0,000;661,511;"Completo";"COLETA DIÁRIA";
"RONDINHA";"SCINVDUINVD01 (L)";22/07/2018;5;0,000;649,360;"Completo";"COLETA DIÁRIA";
"RONDINHA";"SCINVDUINVD01 (L)";22/07/2018;6;0,000;642,122;"Completo";"COLETA DIÁRIA";
"RONDINHA";"SCINVDUINVD01 (L)";22/07/2018;7;0,000;631,823;"Completo";"COLETA DIÁRIA";
"RONDINHA";"SCINVDUINVD01 (L)";22/07/2018;8;0,000;624,570;"Completo";"COLETA DIÁRIA";
"RONDINHA";"SCINVDUINVD01 (L)";22/07/2018;9;0,000;617,470;"Completo";"COLETA DIÁRIA";
"RONDINHA";"SCINVDUINVD01 (L)";22/07/2018;10;0,000;613,021;"Completo";"COLETA DIÁRIA";
"RONDINHA";"SCINVDUINVD01 (L)";22/07/2018;11;0,000;604,974;"Completo";"COLETA DIÁRIA";
"RONDINHA";"SCINVDUINVD01 (L)";22/07/2018;12;0,000;605,591;"Completo";"COLETA DIÁRIA";
"RONDINHA";"SCINVDUINVD01 (L)";22/07/2018;13;0,000;596,059;"Completo";"COLETA DIÁRIA";
"RONDINHA";"SCINVDUINVD01 (L)";22/07/2018;14;0,000;599,423;"Completo";"COLETA DIÁRIA";
"RONDINHA";"SCINVDUINVD01 (L)";22/07/2018;15;0,000;600,056;"Completo";"COLETA DIÁRIA";
"RONDINHA";"SCINVDUINVD01 (L)";22/07/2018;16;0,000;607,884;"Completo";"COLETA DIÁRIA";
"RONDINHA";"SCINVDUINVD01 (L)";22/07/2018;17;0,000;603,906;"Completo";"COLETA DIÁRIA";
"RONDINHA";"SCINVDUINVD01 (L)";22/07/2018;18;0,000;598,783;"Completo";"COLETA DIÁRIA";
"RONDINHA";"SCINVDUINVD01 (L)";22/07/2018;19;0,000;588,922;"Completo";"COLETA DIÁRIA";
"RONDINHA";"SCINVDUINVD01 (L)";22/07/2018;20;0,000;574,777;"Completo";"COLETA DIÁRIA";
"RONDINHA";"SCINVDUINVD01 (L)";22/07/2018;21;0,000;577,208;"Completo";"COLETA DIÁRIA";
"RONDINHA";"SCINVDUINVD01 (L)";22/07/2018;22;0,000;577,322;"Completo";"COLETA DIÁRIA";
"RONDINHA";"SCINVDUINVD01 (L)";22/07/2018;23;0,000;570,068;"Completo";"COLETA DIÁRIA";
"RONDINHA";"SCINVDUINVD01 (L)";22/07/2018;24;0,000;556,428;"Completo";"COLETA DIÁRIA";
"RONDINHA";"SCINVDUINVD01 (L)";23/07/2018;1;0,000;559,796;"Completo";"COLETA DIÁRIA";
"RONDINHA";"SCINVDUINVD01 (L)";23/07/2018;2;0,000;561,880;"Completo";"COLETA DIÁRIA";
"RONDINHA";"SCINVDUINVD01 (L)";23/07/2018;3;0,000;545,345;"Completo";"COLETA DIÁRIA";
"RONDINHA";"SCINVDUINVD01 (L)";23/07/2018;4;0,000;536,033;"Completo";"COLETA DIÁRIA";
"RONDINHA";"SCINVDUINVD01 (L)";23/07/2018;5;0,000;536,559;"Completo";"COLETA DIÁRIA";
"RONDINHA";"SCINVDUINVD01 (L)";23/07/2018;6;0,000;532,842;"Completo";"COLETA DIÁRIA";
"RONDINHA";"SCINVDUINVD01 (L)";23/07/2018;7;0,000;531,661;"Completo";"COLETA DIÁRIA";
"RONDINHA";"SCINVDUINVD01 (L)";23/07/2018;8;0,000;526,706;"Completo";"COLETA DIÁRIA";
"RONDINHA";"SCINVDUINVD01 (L)";23/07/2018;9;0,000;527,681;"Completo";"COLETA DIÁRIA";
"RONDINHA";"SCINVDUINVD01 (L)";23/07/2018;10;0,000;516,460;"Completo";"COLETA DIÁRIA";
"RONDINHA";"SCINVDUINVD01 (L)";23/07/2018;11;0,000;515,148;"Completo";"COLETA DIÁRIA";
"RONDINHA";"SCINVDUINVD01 (L)";23/07/2018;12;0,000;515,050;"Completo";"COLETA DIÁRIA";
"RONDINHA";"SCINVDUINVD01 (L)";23/07/2018;13;0,000;528,538;"Completo";"COLETA DIÁRIA";
"RONDINHA";"SCINVDUINVD01 (L)";23/07/2018;14;0,000;509,786;"Completo";"COLETA DIÁRIA";
"RONDINHA";"SCINVDUINVD01 (L)";23/07/2018;15;0,000;509,517;"Completo";"COLETA DIÁRIA";
"RONDINHA";"SCINVDUINVD01 (L)";23/07/2018;16;0,000;499,225;"Completo";"COLETA DIÁRIA";
"RONDINHA";"SCINVDUINVD01 (L)";23/07/2018;17;0,000;498,629;"Completo";"COLETA DIÁRIA";
"RONDINHA";"SCINVDUINVD01 (L)";23/07/2018;18;0,000;524,683;"Completo";"COLETA DIÁRIA";
"RONDINHA";"SCINVDUINVD01 (L)";23/07/2018;19;0,000;519,375;"Completo";"COLETA DIÁRIA";
"RONDINHA";"SCINVDUINVD01 (L)";23/07/2018;20;0,000;501,366;"Completo";"COLETA DIÁRIA";
"RONDINHA";"SCINVDUINVD01 (L)";23/07/2018;21;0,000;493,800;"Completo";"COLETA DIÁRIA";
"RONDINHA";"SCINVDUINVD01 (L)";23/07/2018;22;0,000;494,026;"Completo";"COLETA DIÁRIA";
"RONDINHA";"SCINVDUINVD01 (L)";23/07/2018;23;0,000;488,236;"Completo";"COLETA DIÁRIA";
"RONDINHA";"SCINVDUINVD01 (L)";23/07/2018;24;0,000;487,799;"Completo";"COLETA DIÁRIA";
"RONDINHA";"SCINVDUINVD01 (L)";24/07/2018;1;0,000;487,905;"Completo";"COLETA DIÁRIA";
"RONDINHA";"SCINVDUINVD01 (L)";24/07/2018;2;0,000;488,214;"Completo";"COLETA DIÁRIA";
"RONDINHA";"SCINVDUINVD01 (L)";24/07/2018;3;0,000;488,288;"Completo";"COLETA DIÁRIA";
"RONDINHA";"SCINVDUINVD01 (L)";24/07/2018;4;0,000;488,252;"Completo";"COLETA DIÁRIA";
"RONDINHA";"SCINVDUINVD01 (L)";24/07/2018;5;0,000;488,587;"Completo";"COLETA DIÁRIA";
"RONDINHA";"SCINVDUINVD01 (L)";24/07/2018;6;0,000;488,509;"Completo";"COLETA DIÁRIA";
"RONDINHA";"SCINVDUINVD01 (L)";24/07/2018;7;0,000;488,683;"Completo";"COLETA DIÁRIA";
"RONDINHA";"SCINVDUINVD01 (L)";24/07/2018;8;0,000;488,513;"Completo";"COLETA DIÁRIA";
"RONDINHA";"SCINVDUINVD01 (L)";24/07/2018;9;2,059;379,103;"Completo";"COLETA DIÁRIA";
"RONDINHA";"SCINVDUINVD01 (L)";24/07/2018;10;10,134;0,000;"Completo";"COLETA DIÁRIA";
"RONDINHA";"SCINVDUINVD01 (L)";24/07/2018;11;8,704;127,993;"Completo";"COLETA DIÁRIA";
"RONDINHA";"SCINVDUINVD01 (L)";24/07/2018;12;0,000;1.085,667;"Completo";"COLETA DIÁRIA";
"RONDINHA";"SCINVDUINVD01 (L)";24/07/2018;13;0,000;760,857;"Completo";"COLETA DIÁRIA";
"RONDINHA";"SCINVDUINVD01 (L)";24/07/2018;14;0,000;488,661;"Completo";"COLETA DIÁRIA";
"RONDINHA";"SCINVDUINVD01 (L)";24/07/2018;15;0,000;488,668;"Completo";"COLETA DIÁRIA";
"RONDINHA";"SCINVDUINVD01 (L)";24/07/2018;16;0,000;488,359;"Completo";"COLETA DIÁRIA";
"RONDINHA";"SCINVDUINVD01 (L)";24/07/2018;17;0,000;488,325;"Completo";"COLETA DIÁRIA";
"RONDINHA";"SCINVDUINVD01 (L)";24/07/2018;18;0,000;488,438;"Completo";"COLETA DIÁRIA";
"RONDINHA";"SCINVDUINVD01 (L)";24/07/2018;19;6,820;141,458;"Completo";"COLETA DIÁRIA";
"RONDINHA";"SCINVDUINVD01 (L)";24/07/2018;20;8,891;0,000;"Completo";"COLETA DIÁRIA";
"RONDINHA";"SCINVDUINVD01 (L)";24/07/2018;21;3,877;635,433;"Completo";"COLETA DIÁRIA";
"RONDINHA";"SCINVDUINVD01 (L)";24/07/2018;22;0,000;1.056,371;"Completo";"COLETA DIÁRIA";
"RONDINHA";"SCINVDUINVD01 (L)";24/07/2018;23;0,000;740,557;"Completo";"COLETA DIÁRIA";
"RONDINHA";"SCINVDUINVD01 (L)";24/07/2018;24;0,000;755,035;"Completo";"COLETA DIÁRIA";
"RONDINHA";"SCINVDUINVD01 (L)";25/07/2018;1;0,000;941,324;"Completo";"COLETA DIÁRIA";
"RONDINHA";"SCINVDUINVD01 (L)";25/07/2018;2;0,000;1.010,053;"Completo";"COLETA DIÁRIA";
"RONDINHA";"SCINVDUINVD01 (L)";25/07/2018;3;0,000;987,866;"Completo";"COLETA DIÁRIA";
"RONDINHA";"SCINVDUINVD01 (L)";25/07/2018;4;0,000;1.031,878;"Completo";"COLETA DIÁRIA";
"RONDINHA";"SCINVDUINVD01 (L)";25/07/2018;5;0,000;1.061,774;"Completo";"COLETA DIÁRIA";
"RONDINHA";"SCINVDUINVD01 (L)";25/07/2018;6;0,000;1.077,447;"Completo";"COLETA DIÁRIA";
"RONDINHA";"SCINVDUINVD01 (L)";25/07/2018;7;0,000;1.076,634;"Completo";"COLETA DIÁRIA";
"RONDINHA";"SCINVDUINVD01 (L)";25/07/2018;8;0,000;1.076,281;"Completo";"COLETA DIÁRIA";
"RONDINHA";"SCINVDUINVD01 (L)";25/07/2018;9;0,643;995,004;"Completo";"COLETA DIÁRIA";
"RONDINHA";"SCINVDUINVD01 (L)";25/07/2018;10;0,000;1.434,000;"Completo";"COLETA DIÁRIA";
"RONDINHA";"SCINVDUINVD01 (L)";25/07/2018;11;0,000;1.481,094;"Completo";"COLETA DIÁRIA";
"RONDINHA";"SCINVDUINVD01 (L)";25/07/2018;12;0,000;1.058,564;"Completo";"COLETA DIÁRIA";
"RONDINHA";"SCINVDUINVD01 (L)";25/07/2018;13;0,000;1.099,152;"Completo";"COLETA DIÁRIA";
"RONDINHA";"SCINVDUINVD01 (L)";25/07/2018;14;0,000;1.064,925;"Completo";"COLETA DIÁRIA";
"RONDINHA";"SCINVDUINVD01 (L)";25/07/2018;15;0,000;1.230,388;"Completo";"COLETA DIÁRIA";
"RONDINHA";"SCINVDUINVD01 (L)";25/07/2018;16;0,000;1.223,517;"Completo";"COLETA DIÁRIA";
"RONDINHA";"SCINVDUINVD01 (L)";25/07/2018;17;0,000;1.225,406;"Completo";"COLETA DIÁRIA";
"RONDINHA";"SCINVDUINVD01 (L)";25/07/2018;18;0,000;1.431,840;"Completo";"COLETA DIÁRIA";
"RONDINHA";"SCINVDUINVD01 (L)";25/07/2018;19;0,000;1.553,275;"Completo";"COLETA DIÁRIA";
"RONDINHA";"SCINVDUINVD01 (L)";25/07/2018;20;0,000;1.332,866;"Completo";"COLETA DIÁRIA";
"RONDINHA";"SCINVDUINVD01 (L)";25/07/2018;21;0,000;1.257,184;"Completo";"COLETA DIÁRIA";
"RONDINHA";"SCINVDUINVD01 (L)";25/07/2018;22;0,000;1.553,106;"Completo";"COLETA DIÁRIA";
"RONDINHA";"SCINVDUINVD01 (L)";25/07/2018;23;0,000;1.552,960;"Completo";"COLETA DIÁRIA";
"RONDINHA";"SCINVDUINVD01 (L)";25/07/2018;24;0,000;1.547,034;"Completo";"COLETA DIÁRIA";
"RONDINHA";"SCINVDUINVD01 (L)";26/07/2018;1;0,000;1.512,010;"Completo";"COLETA DIÁRIA";
"RONDINHA";"SCINVDUINVD01 (L)";26/07/2018;2;0,000;1.478,473;"Completo";"COLETA DIÁRIA";
"RONDINHA";"SCINVDUINVD01 (L)";26/07/2018;3;0,000;1.436,343;"Completo";"COLETA DIÁRIA";
"RONDINHA";"SCINVDUINVD01 (L)";26/07/2018;4;0,000;1.395,378;"Completo";"COLETA DIÁRIA";
"RONDINHA";"SCINVDUINVD01 (L)";26/07/2018;5;0,000;1.359,550;"Completo";"COLETA DIÁRIA";
"RONDINHA";"SCINVDUINVD01 (L)";26/07/2018;6;0,000;1.326,679;"Completo";"COLETA DIÁRIA";
"RONDINHA";"SCINVDUINVD01 (L)";26/07/2018;7;0,000;1.299,838;"Completo";"COLETA DIÁRIA";
"RONDINHA";"SCINVDUINVD01 (L)";26/07/2018;8;0,000;1.282,344;"Completo";"COLETA DIÁRIA";
"RONDINHA";"SCINVDUINVD01 (L)";26/07/2018;9;0,000;1.241,389;"Completo";"COLETA DIÁRIA";
"RONDINHA";"SCINVDUINVD01 (L)";26/07/2018;10;0,000;1.214,146;"Completo";"COLETA DIÁRIA";
"RONDINHA";"SCINVDUINVD01 (L)";26/07/2018;11;0,000;1.212,609;"Completo";"COLETA DIÁRIA";
"RONDINHA";"SCINVDUINVD01 (L)";26/07/2018;12;0,000;1.211,706;"Completo";"COLETA DIÁRIA";
"RONDINHA";"SCINVDUINVD01 (L)";26/07/2018;13;0,000;1.211,470;"Completo";"COLETA DIÁRIA";
"RONDINHA";"SCINVDUINVD01 (L)";26/07/2018;14;0,000;1.213,123;"Completo";"COLETA DIÁRIA";
"RONDINHA";"SCINVDUINVD01 (L)";26/07/2018;15;0,000;1.211,185;"Completo";"COLETA DIÁRIA";
"RONDINHA";"SCINVDUINVD01 (L)";26/07/2018;16;0,000;1.269,640;"Completo";"COLETA DIÁRIA";
"RONDINHA";"SCINVDUINVD01 (L)";26/07/2018;17;0,000;1.649,330;"Completo";"COLETA DIÁRIA";
"RONDINHA";"SCINVDUINVD01 (L)";26/07/2018;18;0,000;1.648,982;"Completo";"COLETA DIÁRIA";
"RONDINHA";"SCINVDUINVD01 (L)";26/07/2018;19;0,000;1.648,335;"Completo";"COLETA DIÁRIA";
"RONDINHA";"SCINVDUINVD01 (L)";26/07/2018;20;0,000;1.648,728;"Completo";"COLETA DIÁRIA";
"RONDINHA";"SCINVDUINVD01 (L)";26/07/2018;21;0,000;1.648,832;"Completo";"COLETA DIÁRIA";
"RONDINHA";"SCINVDUINVD01 (L)";26/07/2018;22;0,000;1.648,976;"Completo";"COLETA DIÁRIA";
"RONDINHA";"SCINVDUINVD01 (L)";26/07/2018;23;0,000;1.648,891;"Completo";"COLETA DIÁRIA";
"RONDINHA";"SCINVDUINVD01 (L)";26/07/2018;24;0,000;1.648,511;"Completo";"COLETA DIÁRIA";
"RONDINHA";"SCINVDUINVD01 (L)";27/07/2018;1;0,000;1.648,735;"Completo";"COLETA DIÁRIA";
"RONDINHA";"SCINVDUINVD01 (L)";27/07/2018;2;0,000;1.649,089;"Completo";"COLETA DIÁRIA";
"RONDINHA";"SCINVDUINVD01 (L)";27/07/2018;3;0,000;1.648,357;"Completo";"COLETA DIÁRIA";
"RONDINHA";"SCINVDUINVD01 (L)";27/07/2018;4;0,000;1.648,218;"Completo";"COLETA DIÁRIA";
"RONDINHA";"SCINVDUINVD01 (L)";27/07/2018;5;0,000;1.648,374;"Completo";"COLETA DIÁRIA";
"RONDINHA";"SCINVDUINVD01 (L)";27/07/2018;6;0,000;1.648,428;"Completo";"COLETA DIÁRIA";
"RONDINHA";"SCINVDUINVD01 (L)";27/07/2018;7;0,000;1.648,533;"Completo";"COLETA DIÁRIA";
"RONDINHA";"SCINVDUINVD01 (L)";27/07/2018;8;0,000;1.648,380;"Completo";"COLETA DIÁRIA";
"RONDINHA";"SCINVDUINVD01 (L)";27/07/2018;9;0,000;1.647,898;"Completo";"COLETA DIÁRIA";
"RONDINHA";"SCINVDUINVD01 (L)";27/07/2018;10;0,000;1.648,223;"Completo";"COLETA DIÁRIA";
"RONDINHA";"SCINVDUINVD01 (L)";27/07/2018;11;0,000;1.457,564;"Completo";"COLETA DIÁRIA";
"RONDINHA";"SCINVDUINVD01 (L)";27/07/2018;12;0,000;965,438;"Completo";"COLETA DIÁRIA";
"RONDINHA";"SCINVDUINVD01 (L)";27/07/2018;13;0,000;2.104,237;"Completo";"COLETA DIÁRIA";
"RONDINHA";"SCINVDUINVD01 (L)";27/07/2018;14;0,000;1.755,534;"Completo";"COLETA DIÁRIA";
"RONDINHA";"SCINVDUINVD01 (L)";27/07/2018;15;0,000;1.140,225;"Completo";"COLETA DIÁRIA";
"RONDINHA";"SCINVDUINVD01 (L)";27/07/2018;16;0,000;1.062,101;"Completo";"COLETA DIÁRIA";
"RONDINHA";"SCINVDUINVD01 (L)";27/07/2018;17;0,000;1.432,101;"Completo";"COLETA DIÁRIA";
"RONDINHA";"SCINVDUINVD01 (L)";27/07/2018;18;0,000;1.570,086;"Completo";"COLETA DIÁRIA";
"RONDINHA";"SCINVDUINVD01 (L)";27/07/2018;19;0,000;1.079,519;"Completo";"COLETA DIÁRIA";
"RONDINHA";"SCINVDUINVD01 (L)";27/07/2018;20;0,000;1.102,958;"Completo";"COLETA DIÁRIA";
"RONDINHA";"SCINVDUINVD01 (L)";27/07/2018;21;0,000;1.198,932;"Completo";"COLETA DIÁRIA";
"RONDINHA";"SCINVDUINVD01 (L)";27/07/2018;22;0,000;1.199,514;"Completo";"COLETA DIÁRIA";
"RONDINHA";"SCINVDUINVD01 (L)";27/07/2018;23;0,000;1.200,012;"Completo";"COLETA DIÁRIA";
"RONDINHA";"SCINVDUINVD01 (L)";27/07/2018;24;0,000;1.201,418;"Completo";"COLETA DIÁRIA";
"RONDINHA";"SCINVDUINVD01 (L)";28/07/2018;1;0,000;1.203,149;"Completo";"COLETA DIÁRIA";
"RONDINHA";"SCINVDUINVD01 (L)";28/07/2018;2;0,000;1.203,616;"Completo";"COLETA DIÁRIA";
"RONDINHA";"SCINVDUINVD01 (L)";28/07/2018;3;0,000;1.205,013;"Completo";"COLETA DIÁRIA";
"RONDINHA";"SCINVDUINVD01 (L)";28/07/2018;4;0,000;1.205,017;"Completo";"COLETA DIÁRIA";
"RONDINHA";"SCINVDUINVD01 (L)";28/07/2018;5;0,000;1.205,521;"Completo";"COLETA DIÁRIA";
"RONDINHA";"SCINVDUINVD01 (L)";28/07/2018;6;0,000;1.205,756;"Completo";"COLETA DIÁRIA";
"RONDINHA";"SCINVDUINVD01 (L)";28/07/2018;7;0,000;1.205,788;"Completo";"COLETA DIÁRIA";
"RONDINHA";"SCINVDUINVD01 (L)";28/07/2018;8;0,000;1.206,130;"Completo";"COLETA DIÁRIA";
"RONDINHA";"SCINVDUINVD01 (L)";28/07/2018;9;0,000;1.206,565;"Completo";"COLETA DIÁRIA";
"RONDINHA";"SCINVDUINVD01 (L)";28/07/2018;10;0,000;1.206,981;"Completo";"COLETA DIÁRIA";
"RONDINHA";"SCINVDUINVD01 (L)";28/07/2018;11;0,000;1.207,083;"Completo";"COLETA DIÁRIA";
"RONDINHA";"SCINVDUINVD01 (L)";28/07/2018;12;0,000;1.207,287;"Completo";"COLETA DIÁRIA";
"RONDINHA";"SCINVDUINVD01 (L)";28/07/2018;13;0,000;1.207,626;"Completo";"COLETA DIÁRIA";
"RONDINHA";"SCINVDUINVD01 (L)";28/07/2018;14;0,000;1.206,747;"Completo";"COLETA DIÁRIA";
"RONDINHA";"SCINVDUINVD01 (L)";28/07/2018;15;0,000;1.206,903;"Completo";"COLETA DIÁRIA";
"RONDINHA";"SCINVDUINVD01 (L)";28/07/2018;16;0,000;1.207,427;"Completo";"COLETA DIÁRIA";
"RONDINHA";"SCINVDUINVD01 (L)";28/07/2018;17;0,000;1.207,571;"Completo";"COLETA DIÁRIA";
"RONDINHA";"SCINVDUINVD01 (L)";28/07/2018;18;0,000;1.207,161;"Completo";"COLETA DIÁRIA";
"RONDINHA";"SCINVDUINVD01 (L)";28/07/2018;19;0,000;1.206,304;"Completo";"COLETA DIÁRIA";
"RONDINHA";"SCINVDUINVD01 (L)";28/07/2018;20;0,000;1.206,078;"Completo";"COLETA DIÁRIA";
"RONDINHA";"SCINVDUINVD01 (L)";28/07/2018;21;0,000;1.205,607;"Completo";"COLETA DIÁRIA";
"RONDINHA";"SCINVDUINVD01 (L)";28/07/2018;22;0,000;1.205,414;"Completo";"COLETA DIÁRIA";
"RONDINHA";"SCINVDUINVD01 (L)";28/07/2018;23;0,000;1.207,741;"Completo";"COLETA DIÁRIA";
"RONDINHA";"SCINVDUINVD01 (L)";28/07/2018;24;0,000;1.213,830;"Completo";"COLETA DIÁRIA";
"RONDINHA";"SCINVDUINVD01 (L)";29/07/2018;1;0,000;1.213,062;"Completo";"COLETA DIÁRIA";
"RONDINHA";"SCINVDUINVD01 (L)";29/07/2018;2;0,000;1.212,335;"Completo";"COLETA DIÁRIA";
"RONDINHA";"SCINVDUINVD01 (L)";29/07/2018;3;0,000;1.211,281;"Completo";"COLETA DIÁRIA";
"RONDINHA";"SCINVDUINVD01 (L)";29/07/2018;4;0,000;1.209,423;"Completo";"COLETA DIÁRIA";
"RONDINHA";"SCINVDUINVD01 (L)";29/07/2018;5;0,000;1.207,199;"Completo";"COLETA DIÁRIA";
"RONDINHA";"SCINVDUINVD01 (L)";29/07/2018;6;0,000;1.206,768;"Completo";"COLETA DIÁRIA";
"RONDINHA";"SCINVDUINVD01 (L)";29/07/2018;7;0,000;1.209,720;"Completo";"COLETA DIÁRIA";
"RONDINHA";"SCINVDUINVD01 (L)";29/07/2018;8;0,000;1.211,751;"Completo";"COLETA DIÁRIA";
"RONDINHA";"SCINVDUINVD01 (L)";29/07/2018;9;0,000;1.209,607;"Completo";"COLETA DIÁRIA";
"RONDINHA";"SCINVDUINVD01 (L)";29/07/2018;10;0,000;1.208,102;"Completo";"COLETA DIÁRIA";
"RONDINHA";"SCINVDUINVD01 (L)";29/07/2018;11;0,000;1.207,950;"Completo";"COLETA DIÁRIA";
"RONDINHA";"SCINVDUINVD01 (L)";29/07/2018;12;0,000;1.207,217;"Completo";"COLETA DIÁRIA";
"RONDINHA";"SCINVDUINVD01 (L)";29/07/2018;13;0,000;1.206,455;"Completo";"COLETA DIÁRIA";
"RONDINHA";"SCINVDUINVD01 (L)";29/07/2018;14;0,000;1.206,832;"Completo";"COLETA DIÁRIA";
"RONDINHA";"SCINVDUINVD01 (L)";29/07/2018;15;0,000;1.206,133;"Completo";"COLETA DIÁRIA";
"RONDINHA";"SCINVDUINVD01 (L)";29/07/2018;16;0,000;1.206,501;"Completo";"COLETA DIÁRIA";
"RONDINHA";"SCINVDUINVD01 (L)";29/07/2018;17;0,000;1.206,035;"Completo";"COLETA DIÁRIA";
"RONDINHA";"SCINVDUINVD01 (L)";29/07/2018;18;0,000;1.204,458;"Completo";"COLETA DIÁRIA";
"RONDINHA";"SCINVDUINVD01 (L)";29/07/2018;19;0,000;1.202,183;"Completo";"COLETA DIÁRIA";
"RONDINHA";"SCINVDUINVD01 (L)";29/07/2018;20;0,000;1.199,843;"Completo";"COLETA DIÁRIA";
"RONDINHA";"SCINVDUINVD01 (L)";29/07/2018;21;0,000;1.199,677;"Completo";"COLETA DIÁRIA";
"RONDINHA";"SCINVDUINVD01 (L)";29/07/2018;22;0,000;1.197,091;"Completo";"COLETA DIÁRIA";
"RONDINHA";"SCINVDUINVD01 (L)";29/07/2018;23;1,889;947,355;"Completo";"COLETA DIÁRIA";
"RONDINHA";"SCINVDUINVD01 (L)";29/07/2018;24;0,000;1.063,727;"Completo";"COLETA DIÁRIA";
"RONDINHA";"SCINVDUINVD01 (L)";30/07/2018;1;0,000;1.061,454;"Completo";"COLETA DIÁRIA";
"RONDINHA";"SCINVDUINVD01 (L)";30/07/2018;2;0,000;1.055,794;"Completo";"COLETA DIÁRIA";
"RONDINHA";"SCINVDUINVD01 (L)";30/07/2018;3;0,000;1.050,202;"Completo";"COLETA DIÁRIA";
"RONDINHA";"SCINVDUINVD01 (L)";30/07/2018;4;0,000;1.035,017;"Completo";"COLETA DIÁRIA";
"RONDINHA";"SCINVDUINVD01 (L)";30/07/2018;5;0,000;959,312;"Completo";"COLETA DIÁRIA";
"RONDINHA";"SCINVDUINVD01 (L)";30/07/2018;6;6,952;358,181;"Completo";"COLETA DIÁRIA";
"RONDINHA";"SCINVDUINVD01 (L)";30/07/2018;7;10,725;0,000;"Completo";"COLETA DIÁRIA";
"RONDINHA";"SCINVDUINVD01 (L)";30/07/2018;8;5,297;573,513;"Completo";"COLETA DIÁRIA";
"RONDINHA";"SCINVDUINVD01 (L)";30/07/2018;9;0,000;1.018,627;"Completo";"COLETA DIÁRIA";
"RONDINHA";"SCINVDUINVD01 (L)";30/07/2018;10;0,000;977,835;"Completo";"COLETA DIÁRIA";
"RONDINHA";"SCINVDUINVD01 (L)";30/07/2018;11;0,000;1.007,015;"Completo";"COLETA DIÁRIA";
"RONDINHA";"SCINVDUINVD01 (L)";30/07/2018;12;0,000;1.015,496;"Completo";"COLETA DIÁRIA";
"RONDINHA";"SCINVDUINVD01 (L)";30/07/2018;13;0,000;978,330;"Completo";"COLETA DIÁRIA";
"RONDINHA";"SCINVDUINVD01 (L)";30/07/2018;14;0,000;978,213;"Completo";"COLETA DIÁRIA";
"RONDINHA";"SCINVDUINVD01 (L)";30/07/2018;15;0,000;977,934;"Completo";"COLETA DIÁRIA";
"RONDINHA";"SCINVDUINVD01 (L)";30/07/2018;16;0,000;978,566;"Completo";"COLETA DIÁRIA";
"RONDINHA";"SCINVDUINVD01 (L)";30/07/2018;17;0,000;974,160;"Completo";"COLETA DIÁRIA";
"RONDINHA";"SCINVDUINVD01 (L)";30/07/2018;18;0,000;955,803;"Completo";"COLETA DIÁRIA";
"RONDINHA";"SCINVDUINVD01 (L)";30/07/2018;19;0,000;915,767;"Completo";"COLETA DIÁRIA";
"RONDINHA";"SCINVDUINVD01 (L)";30/07/2018;20;0,000;886,994;"Completo";"COLETA DIÁRIA";
"RONDINHA";"SCINVDUINVD01 (L)";30/07/2018;21;0,000;876,198;"Completo";"COLETA DIÁRIA";
"RONDINHA";"SCINVDUINVD01 (L)";30/07/2018;22;0,000;852,844;"Completo";"COLETA DIÁRIA";
"RONDINHA";"SCINVDUINVD01 (L)";30/07/2018;23;0,000;844,197;"Completo";"COLETA DIÁRIA";
"RONDINHA";"SCINVDUINVD01 (L)";30/07/2018;24;0,000;819,588;"Completo";"COLETA DIÁRIA";
"RONDINHA";"SCINVDUINVD01 (L)";31/07/2018;1;0,000;790,072;"Completo";"COLETA DIÁRIA";
"RONDINHA";"SCINVDUINVD01 (L)";31/07/2018;2;0,000;773,539;"Completo";"COLETA DIÁRIA";
"RONDINHA";"SCINVDUINVD01 (L)";31/07/2018;3;0,000;744,600;"Completo";"COLETA DIÁRIA";
"RONDINHA";"SCINVDUINVD01 (L)";31/07/2018;4;0,000;710,395;"Completo";"COLETA DIÁRIA";
"RONDINHA";"SCINVDUINVD01 (L)";31/07/2018;5;0,000;702,860;"Completo";"COLETA DIÁRIA";
"RONDINHA";"SCINVDUINVD01 (L)";31/07/2018;6;0,000;683,489;"Completo";"COLETA DIÁRIA";
"RONDINHA";"SCINVDUINVD01 (L)";31/07/2018;7;0,000;673,339;"Completo";"COLETA DIÁRIA";
"RONDINHA";"SCINVDUINVD01 (L)";31/07/2018;8;0,000;666,344;"Completo";"COLETA DIÁRIA";
"RONDINHA";"SCINVDUINVD01 (L)";31/07/2018;9;0,000;663,735;"Completo";"COLETA DIÁRIA";
"RONDINHA";"SCINVDUINVD01 (L)";31/07/2018;10;0,000;658,550;"Completo";"COLETA DIÁRIA";
"RONDINHA";"SCINVDUINVD01 (L)";31/07/2018;11;0,000;649,521;"Completo";"COLETA DIÁRIA";
"RONDINHA";"SCINVDUINVD01 (L)";31/07/2018;12;0,000;617,026;"Completo";"COLETA DIÁRIA";
"RONDINHA";"SCINVDUINVD01 (L)";31/07/2018;13;0,000;645,855;"Completo";"COLETA DIÁRIA";
"RONDINHA";"SCINVDUINVD01 (L)";31/07/2018;14;0,000;800,959;"Completo";"COLETA DIÁRIA";
"RONDINHA";"SCINVDUINVD01 (L)";31/07/2018;15;0,979;518,677;"Completo";"COLETA DIÁRIA";
"RONDINHA";"SCINVDUINVD01 (L)";31/07/2018;16;8,858;67,325;"Completo";"COLETA DIÁRIA";
"RONDINHA";"SCINVDUINVD01 (L)";31/07/2018;17;2,915;750,342;"Completo";"COLETA DIÁRIA";
"RONDINHA";"SCINVDUINVD01 (L)";31/07/2018;18;0,000;843,320;"Completo";"COLETA DIÁRIA";
"RONDINHA";"SCINVDUINVD01 (L)";31/07/2018;19;0,000;662,275;"Completo";"COLETA DIÁRIA";
"RONDINHA";"SCINVDUINVD01 (L)";31/07/2018;20;0,000;634,909;"Completo";"COLETA DIÁRIA";
"RONDINHA";"SCINVDUINVD01 (L)";31/07/2018;21;0,000;623,041;"Completo";"COLETA DIÁRIA";
"RONDINHA";"SCINVDUINVD01 (L)";31/07/2018;22;0,000;617,190;"Completo";"COLETA DIÁRIA";
"RONDINHA";"SCINVDUINVD01 (L)";31/07/2018;23;0,000;610,460;"Completo";"COLETA DIÁRIA";
"RONDINHA";"SCINVDUINVD01 (L)";31/07/2018;24;0,000;596,923;"Completo";"COLETA DIÁRIA";
